time,latitude,longitude,depth,mag,magType,nst,gap,dmin,rms,net,id,updated,place,type,horizontalError,depthError,magError,magNst,status,locationSource,magSource
2009-12-29T19:23:05.410Z,41.93,142.075,72.5,4.9,mwc,242,95.1,,0.82,us,usp000h5ft,2022-07-15T23:28:18.373Z,"50 km SSW of Shizunai-furukawach?, Japan",earthquake,,,,,reviewed,us,gcmt
2009-12-28T21:10:44.500Z,24.74,122.36,98.3,4.3,mb,44,46,,,us,usp000h5er,2014-11-07T01:40:19.162Z,"61 km E of Yilan, Taiwan",earthquake,,,,10,reviewed,tap,us
2009-12-28T04:13:28.170Z,28,128.424,91.5,4.6,mwr,130,81.5,,0.9,us,usp000h5e3,2014-11-07T01:40:19.040Z,"111 km WSW of Naze, Japan",earthquake,,4.3,,,reviewed,us,nied
2009-12-28T00:12:48.430Z,43.265,144.526,71.7,5,mwc,323,107.7,,0.69,us,usp000h5dy,2016-11-10T02:22:00.882Z,"34 km NNE of Kushiro, Japan",earthquake,,4.3,,,reviewed,us,gcmt
2009-12-27T20:29:33.940Z,27.68,141.034,113.4,4.3,mwr,34,85,,0.96,us,usp000h5dv,2014-11-07T01:40:18.971Z,"Bonin Islands, Japan region",earthquake,,6.8,,,reviewed,us,nied
2009-12-27T13:26:44.560Z,30.912,141.301,18.4,4.5,mwr,46,100,,1.1,us,usp000h5dn,2014-11-07T01:40:18.939Z,"Izu Islands, Japan region",earthquake,,19,,,reviewed,us,nied
2009-12-27T13:05:13.100Z,30.971,141.434,22.2,4.9,mwr,56,101.9,,0.87,us,usp000h5dj,2014-11-07T01:40:18.911Z,"Izu Islands, Japan region",earthquake,,12.6,,,reviewed,us,nied
2009-12-26T02:24:44.850Z,30.987,139.446,44,4.5,mwr,61,96.6,,1.05,us,usp000h5ce,2014-11-07T01:40:18.665Z,"Izu Islands, Japan region",earthquake,,8.5,,,reviewed,us,nied
2009-12-25T03:56:14.810Z,24.014,122.267,18.3,4.6,mb,70,84.3,,0.92,us,usp000h5bb,2014-11-07T01:40:18.497Z,"Taiwan region",earthquake,,4.3,,30,reviewed,us,us
2009-12-24T00:23:31.770Z,42.126,135.008,395,5.67,mw,,,,,iscgem,iscgem17576175,2022-05-02T22:37:16.924Z,"125 km SE of Preobrazheniye, Russia",earthquake,,25,0.7,,reviewed,iscgem,iscgem
2009-12-24T00:23:31.700Z,42.245,134.719,392,6.3,mwc,487,18.4,,0.88,us,usp000h5a9,2022-05-02T21:31:01.582Z,"98 km SE of Preobrazheniye, Russia",earthquake,,,,,reviewed,us,us
2009-12-23T22:22:31.180Z,35.137,140.174,29.1,4.4,mb,25,135.8,,0.62,us,usp000h5a3,2014-11-07T01:40:18.250Z,"8 km ENE of Kamogawa, Japan",earthquake,,15.9,,7,reviewed,us,us
2009-12-23T21:01:30.810Z,35.124,140.212,25.3,4.2,mb,18,136.1,,0.62,us,usp000h5a1,2014-11-07T01:40:18.204Z,"9 km WSW of Katsuura, Japan",earthquake,,18.8,,3,reviewed,us,us
2009-12-20T21:31:12.880Z,44.451,123.059,10,4.8,mb,109,56.7,,0.84,us,usp000h57v,2022-07-15T23:06:42.782Z,"39 km S of Kaitong, China",earthquake,,,,52,reviewed,us,us
2009-12-20T14:48:33.760Z,41.036,143.175,39.3,3.8,mwr,32,134.4,,0.98,us,usp000h57m,2014-11-07T01:40:17.743Z,"153 km ENE of Hachinohe, Japan",earthquake,,8.6,,,reviewed,us,nied
2009-12-20T14:30:28.150Z,41.08,143.056,40.7,4.6,mwr,91,126.4,,0.65,us,usp000h57k,2014-11-07T01:40:17.736Z,"146 km ENE of Hachinohe, Japan",earthquake,,4.6,,,reviewed,us,nied
2009-12-20T11:52:32.820Z,35.769,140.986,21.2,4.3,mb,30,112.2,,1.18,us,usp000h57b,2014-11-07T01:40:17.709Z,"14 km ENE of Hasaki, Japan",earthquake,,17.8,,5,reviewed,us,us
2009-12-18T19:30:51.000Z,38.036,141.83,37.4,4.5,mwr,96,119.5,,0.87,us,usp000h55k,2014-11-07T01:40:17.380Z,"62 km SE of Ishinomaki, Japan",earthquake,,5.7,,,reviewed,us,nied
2009-12-18T15:53:15.130Z,34.946,139.172,18.9,4.3,mwr,24,103.8,,0.86,us,usp000h55h,2014-11-07T01:40:17.375Z,"8 km ESE of It?, Japan",earthquake,,19.1,,,reviewed,us,nied
2009-12-18T11:48:32.720Z,33.568,141.083,26.4,5.2,mwc,220,54.2,,0.85,us,usp000h55d,2022-07-15T22:54:56.843Z,"188 km SSE of Katsuura, Japan",earthquake,,10,,,reviewed,us,gcmt
2009-12-17T23:45:36.410Z,34.921,139.261,6.8,5,mwc,64,101.6,,0.91,us,usp000h54s,2022-07-15T22:48:27.086Z,"17 km ESE of It?, Japan",earthquake,,4.5,,,reviewed,us,gcmt
2009-12-17T20:41:30.700Z,36.37,139.481,91.7,5.1,mwc,248,56.4,,0.74,us,usp000h54n,2022-07-15T22:47:49.478Z,"4 km NE of Ashikaga, Japan",earthquake,,3.8,,,reviewed,us,gcmt
2009-12-17T14:45:24.880Z,34.934,139.179,13.6,4.9,mwc,61,92.4,,1.25,us,usp000h54e,2022-07-15T22:46:01.039Z,"9 km ESE of It?, Japan",earthquake,,20.3,,,reviewed,us,gcmt
2009-12-17T10:57:49.720Z,40.771,142.608,56.5,4.4,mb,25,154.6,,0.67,us,usp000h549,2014-11-07T01:40:17.050Z,"98 km ENE of Hachinohe, Japan",earthquake,,4.7,,2,reviewed,us,us
2009-12-17T02:14:21.740Z,28.085,129.454,48.1,4.4,mwr,34,129,,1.2,us,usp000h544,2014-11-07T01:40:17.017Z,"31 km S of Naze, Japan",earthquake,,8.2,,,reviewed,us,nied
2009-12-16T19:04:01.390Z,41.181,141.519,94.7,4.1,mwr,75,132.4,,0.75,us,usp000h53r,2014-11-07T01:40:16.947Z,"28 km ESE of Mutsu, Japan",earthquake,,4.4,,,reviewed,us,nied
2009-12-16T05:12:51.400Z,33.108,133.303,29.7,4.4,mb,39,123.5,,0.52,us,usp000h531,2014-11-07T01:40:16.834Z,"31 km S of Susaki, Japan",earthquake,,10.2,,9,reviewed,us,us
2009-12-15T08:54:17.940Z,34.072,140.403,40,4,mwr,19,136,,1.05,us,usp000h52a,2014-11-07T01:40:16.723Z,"112 km SSE of Tateyama, Japan",earthquake,,9.1,,,reviewed,us,nied
2009-12-14T14:12:47.280Z,43.041,147.121,34.2,4.6,mb,34,135.5,,1.18,us,usp000h51g,2014-11-07T01:40:16.636Z,"90 km SSE of Shikotan, Russia",earthquake,,17.6,,5,reviewed,us,us
2009-12-14T06:30:05.650Z,30.73,137.778,469.9,4.6,mwr,57,133.4,,0.6,us,usp000h51a,2014-11-07T01:40:16.573Z,"Izu Islands, Japan region",earthquake,,4.6,,,reviewed,us,nied
2009-12-12T13:50:31.830Z,28.186,129.472,10,4.6,mwr,77,110.1,,0.9,us,usp000h4zj,2014-11-07T01:40:16.050Z,"20 km S of Naze, Japan",earthquake,,,,,reviewed,us,nied
2009-12-11T07:55:44.720Z,40.224,142.475,55.4,4.1,mwr,18,189.9,,0.45,us,usp000h4yf,2014-11-07T01:40:15.804Z,"78 km NE of Miyako, Japan",earthquake,,6.4,,,reviewed,us,nied
2009-12-11T00:22:16.010Z,43.018,146.866,43.8,4.7,mb,42,86.5,,0.75,us,usp000h4y0,2014-11-07T01:40:15.697Z,"87 km S of Shikotan, Russia",earthquake,,6.5,,7,reviewed,us,us
2009-12-10T21:22:20.650Z,37.252,142.971,11.6,4.7,mwr,101,118.6,,0.89,us,usp000h4xu,2014-11-07T01:40:15.670Z,"176 km E of Namie, Japan",earthquake,,13,,,reviewed,us,nied
2009-12-09T23:25:37.970Z,43.049,146.735,45.7,5.2,mwc,260,78.1,,0.73,us,usp000h4wy,2016-11-10T02:21:27.149Z,"83 km S of Shikotan, Russia",earthquake,,3.4,,,reviewed,us,gcmt
2009-12-09T16:06:00.180Z,32.979,137.918,309.6,4.9,mwr,165,59.6,,0.71,us,usp000h4wr,2014-11-07T01:40:15.400Z,"182 km S of ?yama, Japan",earthquake,,3.4,,,reviewed,us,nied
2009-12-07T19:48:10.200Z,27.405,129.423,16,4.7,mwr,93,93.6,,1.05,us,usp000h4uv,2014-11-07T01:40:14.866Z,"106 km S of Naze, Japan",earthquake,,15.4,,,reviewed,us,nied
2009-12-04T03:57:50.690Z,25.659,126.932,49.9,4.3,mwr,68,108.2,,0.9,us,usp000h4qs,2014-11-07T01:40:13.757Z,"90 km SW of Itoman, Japan",earthquake,,6.5,,,reviewed,us,nied
2009-12-04T03:57:18.090Z,25.602,126.985,48.4,4.4,mb,38,113.2,,0.99,us,usp000h4qr,2014-11-07T01:40:13.750Z,"89 km SW of Itoman, Japan",earthquake,,7.9,,13,reviewed,us,us
2009-12-03T23:41:29.070Z,37.211,142.124,53.1,4.4,mwr,68,62.9,,1.03,us,usp000h4qj,2014-11-07T01:40:13.644Z,"104 km ESE of Namie, Japan",earthquake,,7.6,,,reviewed,us,nied
2009-12-02T06:14:29.590Z,37.223,141.362,59.7,5.1,mwc,135,120.5,,0.71,us,usp000h4ns,2022-07-15T21:58:39.886Z,"43 km SE of Namie, Japan",earthquake,,4.4,,,reviewed,us,gcmt
2009-12-01T00:57:44.190Z,32.123,129.266,35,4.3,mb,22,126.2,,0.63,us,usp000h4mc,2014-11-07T01:40:11.508Z,"71 km W of Ushibukamachi, Japan",earthquake,,,,4,reviewed,us,us
2009-11-29T10:22:26.900Z,45.491,153.865,10.2,4.4,mb,36,137.1,,0.72,us,usp000h4js,2014-11-07T01:40:09.660Z,"east of the Kuril Islands",earthquake,,24.4,,12,reviewed,us,us
2009-11-29T09:00:09.760Z,28.063,142.843,13.2,4.2,mwr,44,127.8,,0.85,us,usp000h4jn,2014-11-07T01:40:09.645Z,"Bonin Islands, Japan region",earthquake,,18.8,,,reviewed,us,nied
2009-11-28T10:45:48.530Z,31.368,130.41,166.8,4.7,mwr,103,56.9,,0.72,us,usp000h4hb,2014-11-07T01:40:09.415Z,"10 km ESE of Kaseda-shirakame, Japan",earthquake,,3.8,,,reviewed,us,nied
2009-11-28T05:39:27.560Z,24.389,123.473,32.2,4.4,mwr,60,91.5,,0.85,us,usp000h4gx,2014-11-07T01:40:09.288Z,"48 km E of Yonakuni, Japan",earthquake,,11.2,,,reviewed,us,nied
2009-11-28T03:04:21.470Z,24.509,122.008,49.9,4.3,mb,13,138.2,,1.2,us,usp000h4gp,2014-11-07T01:40:09.221Z,"37 km SE of Yilan, Taiwan",earthquake,,8.6,,3,reviewed,us,us
2009-11-27T04:36:47.490Z,43.907,147.235,64.4,5,mb,195,83.4,,0.7,us,usp000h4fk,2014-11-07T01:40:09.042Z,"42 km ENE of Shikotan, Russia",earthquake,,4.5,,89,reviewed,us,us
2009-11-26T11:03:30.270Z,39.907,144.862,35,4.3,mb,20,135.7,,1.27,us,usp000h4er,2014-11-07T01:40:08.901Z,"251 km E of Miyako, Japan",earthquake,,,,3,reviewed,us,us
2009-11-26T02:21:22.500Z,26.24,124.428,226.3,4.7,mb,73,84,,1.21,us,usp000h4e6,2014-11-07T01:40:08.802Z,"181 km NNW of Hirara, Japan",earthquake,,7.1,,32,reviewed,us,us
2009-11-24T20:59:48.850Z,32.156,141.859,11.5,4.5,mwr,32,124,,0.81,us,usp000h4d4,2014-11-07T01:40:08.696Z,"Izu Islands, Japan region",earthquake,,18.8,,,reviewed,us,nied
2009-11-24T05:25:45.540Z,43.495,146.851,61.8,4.9,mwc,284,78.9,,0.73,us,usp000h4cg,2016-11-10T02:20:46.589Z,"35 km SSE of Shikotan, Russia",earthquake,,2.3,,,reviewed,us,gcmt
2009-11-24T03:04:02.010Z,28.237,139.53,441.5,4.4,mwr,160,44.4,,0.7,us,usp000h4cd,2014-11-07T01:40:08.507Z,"Bonin Islands, Japan region",earthquake,,3.8,,,reviewed,us,nied
2009-11-22T19:57:14.020Z,43.641,147.71,10,4.5,mb,39,96.2,,1.46,us,usp000h4aw,2014-11-07T01:40:08.202Z,"81 km ESE of Shikotan, Russia",earthquake,,,,5,reviewed,us,us
2009-11-21T06:39:44.700Z,37.021,139.811,47.1,4.4,mwr,63,118.2,,1.11,us,usp000h49a,2022-07-15T21:29:04.182Z,"22 km WNW of Kuroiso, Japan",earthquake,,8.1,,,reviewed,us,nied
2009-11-20T16:55:02.310Z,42.331,142.945,65,4.1,mwr,37,100,,0.8,us,usp000h48m,2014-11-07T01:40:07.772Z,"47 km E of Shizunai-furukawach?, Japan",earthquake,,5.5,,,reviewed,us,nied
2009-11-16T07:07:30.520Z,43.544,145.349,129.6,4.4,mb,26,134.5,,0.56,us,usp000h43h,2014-11-07T01:40:07.019Z,"Hokkaido, Japan region",earthquake,,5.4,,4,reviewed,us,us
2009-11-15T20:31:34.540Z,44.372,136.971,298.2,4.9,mb,154,37.4,,0.79,us,usp000h42z,2014-11-07T01:40:06.773Z,"Primor'ye, Russia",earthquake,,,,88,reviewed,us,us
2009-11-15T14:47:48.710Z,24.95,122.165,129.5,4.9,mb,78,52.2,,0.83,us,usp000h42t,2022-07-15T21:02:39.689Z,"36 km ESE of Jiufen, Taiwan",earthquake,,,,28,reviewed,us,us
2009-11-15T03:28:26.650Z,27.299,143.322,41,4.6,mb,40,88.5,,1.3,us,usp000h425,2014-11-07T01:40:06.649Z,"Bonin Islands, Japan region",earthquake,,14.7,,16,reviewed,us,us
2009-11-14T04:58:43.600Z,33.088,141.532,20.8,4.2,mwr,55,49.5,,0.83,us,usp000h41c,2014-11-07T01:40:06.482Z,"254 km SSE of Katsuura, Japan",earthquake,,13.5,,,reviewed,us,nied
2009-11-13T19:23:35.630Z,35.336,139.613,35,4.2,mwr,28,112.4,,0.72,us,usp000h40q,2014-11-07T01:40:06.350Z,"5 km NE of Zushi, Japan",earthquake,,,,,reviewed,us,nied
2009-11-13T12:09:06.650Z,37.199,142.078,37.7,4.2,mwr,41,128.4,,0.77,us,usp000h40d,2014-11-07T01:40:06.312Z,"100 km ESE of Namie, Japan",earthquake,,7.1,,,reviewed,us,nied
2009-11-13T01:00:42.050Z,41.745,145.087,46.8,4.3,mb,30,122.6,,0.84,us,usp000h3zz,2014-11-07T01:40:06.162Z,"148 km SSE of Kushiro, Japan",earthquake,,11.3,,14,reviewed,us,us
2009-11-10T10:31:48.970Z,36.135,141.771,36.4,4.1,mwr,29,124.5,,1.06,us,usp000h3xw,2014-11-07T01:40:05.863Z,"95 km ENE of Hasaki, Japan",earthquake,,,,,reviewed,us,nied
2009-11-09T18:01:52.320Z,41.961,142.244,66.4,4.6,mwr,96,103.2,,0.62,us,usp000h3x2,2014-11-07T01:40:05.703Z,"42 km SSW of Shizunai-furukawach?, Japan",earthquake,,3.7,,,reviewed,us,nied
2009-11-08T23:17:00.370Z,39.94,142.675,35,4.1,mwr,33,126.5,,0.72,us,usp000h3vz,2014-11-07T01:40:05.446Z,"near the east coast of Honshu, Japan",earthquake,,,,,reviewed,us,nied
2009-11-07T09:39:38.090Z,41.233,139.705,10,4.4,mb,7,143,,1.1,us,usp000h3u2,2014-11-07T01:40:05.038Z,"72 km NW of Shimokizukuri, Japan",earthquake,,,,1,reviewed,us,us
2009-11-06T19:22:29.310Z,36.655,141.356,26.1,4.3,mwr,38,115.6,,0.87,us,usp000h3th,2014-11-07T01:40:04.939Z,"56 km ESE of Kitaibaraki, Japan",earthquake,,16.8,,,reviewed,us,nied
2009-11-06T11:09:20.620Z,42.997,147.442,38.7,4.4,mb,31,136,,0.96,us,usp000h3t9,2014-11-07T01:40:04.894Z,"106 km SSE of Shikotan, Russia",earthquake,,9.4,,4,reviewed,us,us
2009-11-05T09:50:14.560Z,24.215,126.975,10,4.6,mwr,59,96.9,,0.95,us,usp000h3sa,2014-11-07T01:40:04.678Z,"181 km ESE of Hirara, Japan",earthquake,,,,,reviewed,us,nied
2009-11-04T08:56:23.260Z,37.165,141.835,50.3,4.3,mwr,33,118.3,,0.8,us,usp000h3qx,2014-11-07T01:40:04.047Z,"82 km ESE of Namie, Japan",earthquake,,7.5,,,reviewed,us,nied
2009-11-03T18:24:21.240Z,25.357,124.533,114.7,4.8,mb,87,97.5,,0.92,us,usp000h3q6,2014-11-07T01:40:03.741Z,"98 km NW of Hirara, Japan",earthquake,,3.9,,37,reviewed,us,us
2009-11-03T18:03:55.360Z,26.262,141.016,109,5.3,mwc,299,18,,0.91,us,usp000h3q5,2016-11-10T02:19:52.735Z,"Bonin Islands, Japan region",earthquake,,,,,reviewed,us,gcmt
2009-11-02T19:11:55.870Z,32.381,141.854,33.7,4.2,mwr,24,110.2,,0.89,us,usp000h3p6,2014-11-07T01:40:03.243Z,"Izu Islands, Japan region",earthquake,,17.2,,,reviewed,us,nied
2009-11-02T09:20:40.140Z,32.758,140.536,52.7,4.2,mwr,44,100.8,,0.83,us,usp000h3nt,2014-11-07T01:40:02.916Z,"254 km SSE of Tateyama, Japan",earthquake,,6.4,,,reviewed,us,nied
2009-10-31T05:06:07.850Z,29.735,142.073,39.9,4.2,mwr,32,107,,0.83,us,usp000h3kv,2014-11-07T01:39:59.949Z,"Izu Islands, Japan region",earthquake,,8.1,,,reviewed,us,nied
2009-10-30T17:42:11.600Z,41.184,142.697,44,4.5,mwr,125,116.2,,0.7,us,usp000h3k6,2014-11-07T01:39:59.872Z,"123 km ENE of Misawa, Japan",earthquake,,4.7,,,reviewed,us,nied
2009-10-30T07:03:39.120Z,29.218,129.782,34,6.8,mwc,424,21.4,,1.02,us,usp000h3jp,2022-05-02T22:31:37.260Z,"98 km NNE of Naze, Japan",earthquake,,,,,reviewed,us,us
2009-10-30T06:09:42.390Z,32.305,141.791,27.8,4.1,mwr,30,123.5,,0.76,us,usp000h3jm,2014-11-07T01:39:59.766Z,"Izu Islands, Japan region",earthquake,,15.8,,,reviewed,us,nied
2009-10-29T03:29:14.680Z,25.394,140.978,138,4.5,mb,21,106.8,,0.65,us,usp000h3hg,2014-11-07T01:39:59.092Z,"Volcano Islands, Japan region",earthquake,,8.5,,3,reviewed,us,us
2009-10-28T17:37:09.940Z,32.332,131.907,42.6,4.8,mwr,49,113.9,,0.99,us,usp000h3gz,2014-11-07T01:39:58.981Z,"35 km SE of Nobeoka, Japan",earthquake,,7.5,,,reviewed,us,nied
2009-10-28T05:25:29.080Z,37.438,141.64,27,4.4,mb,31,118,,0.99,us,usp000h3gg,2014-11-07T01:39:58.919Z,"near the east coast of Honshu, Japan",earthquake,,17.9,,4,reviewed,us,us
2009-10-27T10:19:01.910Z,24.938,128.114,35,4.2,mwr,23,150.6,,1.27,us,usp000h3fg,2014-11-07T01:39:58.792Z,"139 km SSE of Itoman, Japan",earthquake,,,,,reviewed,us,nied
2009-10-25T06:17:02.050Z,29.166,130.052,59.5,5.1,mwc,136,126.4,,0.83,us,usp000h3cr,2022-07-15T19:53:49.850Z,"104 km NNE of Naze, Japan",earthquake,,4.5,,,reviewed,us,gcmt
2009-10-23T07:34:20.700Z,24.511,141.876,35,4.5,mb,16,109.2,,1.03,us,usp000h3ab,2014-11-07T01:39:57.963Z,"Volcano Islands, Japan region",earthquake,,,,2,reviewed,us,us
2009-10-23T01:28:29.330Z,36.578,141.065,55.1,4.9,mwc,236,68.6,,0.72,us,usp000h39n,2022-07-15T19:36:15.402Z,"34 km ESE of Takahagi, Japan",earthquake,,4.6,,,reviewed,us,gcmt
2009-10-22T10:21:19.430Z,24.414,141.894,77.5,4.4,mb,27,100.6,,0.82,us,usp000h38z,2014-11-07T01:39:57.750Z,"Volcano Islands, Japan region",earthquake,,10.2,,3,reviewed,us,us
2009-10-21T11:35:31.370Z,26.554,141.803,19.7,4.4,mwr,30,104.3,,0.36,us,usp000h37v,2014-11-07T01:39:57.532Z,"Bonin Islands, Japan region",earthquake,,5.7,,,reviewed,us,nied
2009-10-21T02:58:38.570Z,38.886,140.747,50.4,4.4,mb,55,122.8,,0.78,us,usp000h37k,2014-11-07T01:39:57.488Z,"eastern Honshu, Japan",earthquake,,6.7,,17,reviewed,us,us
2009-10-20T12:28:11.710Z,30.934,130.227,162.2,4.1,mwr,36,121.4,,0.9,us,usp000h36y,2014-11-07T01:39:57.420Z,"37 km SSW of Makurazaki, Japan",earthquake,,6.5,,,reviewed,us,nied
2009-10-18T14:13:03.280Z,40.185,141.169,97,4.3,mwr,82,99,,0.82,us,usp000h34w,2014-11-07T01:39:56.917Z,"10 km WSW of Ichinohe, Japan",earthquake,,6,,,reviewed,us,nied
2009-10-18T02:01:24.830Z,28.724,139.41,420.5,5.1,mwr,214,27.2,,0.67,us,usp000h344,2014-11-07T01:39:56.775Z,"Bonin Islands, Japan region",earthquake,,4.3,,,reviewed,us,nied
2009-10-15T09:46:57.640Z,32.224,140.551,80.6,4.4,mwr,47,86.5,,1.12,us,usp000h305,2014-11-07T01:39:56.147Z,"Izu Islands, Japan region",earthquake,,7.8,,,reviewed,us,nied
2009-10-14T13:09:59.320Z,38.295,142.414,41.7,4.3,mwr,29,128.1,,1.15,us,usp000h2y5,2014-11-07T01:39:55.894Z,"98 km E of Ishinomaki, Japan",earthquake,,10.4,,,reviewed,us,nied
2009-10-13T10:29:43.950Z,44.57,149.196,46.7,4.8,mb,57,135.7,,0.94,us,usp000h2vt,2014-11-07T01:39:55.575Z,"127 km SE of Kuril’sk, Russia",earthquake,,8.6,,21,reviewed,us,us
2009-10-13T10:15:13.400Z,44.578,149.129,40,5.7,mwc,364,60.8,,0.75,us,usp000h2vq,2022-05-02T22:31:30.392Z,"122 km SE of Kuril’sk, Russia",earthquake,,3.5,,,reviewed,us,us
2009-10-13T00:17:07.860Z,31.516,143.047,24.1,4.7,mb,25,78.1,,0.75,us,usp000h2tz,2014-11-07T01:39:55.255Z,"Izu Islands, Japan region",earthquake,,5.2,,8,reviewed,us,us
2009-10-12T23:49:13.770Z,24.836,122.612,10,4.1,mb,17,182.7,,0.74,us,usp000h2tx,2014-11-07T01:39:55.250Z,"56 km NW of Yonakuni, Japan",earthquake,,,,2,reviewed,us,us
2009-10-12T22:49:41.900Z,28.417,140.185,389.8,4.5,mwr,37,118.9,,0.93,us,usp000h2tu,2014-11-07T01:39:55.242Z,"Bonin Islands, Japan region",earthquake,,12.3,,,reviewed,us,nied
2009-10-12T09:42:20.320Z,37.467,139.695,10,4.7,mwr,74,117.9,,1.06,us,usp000h2t7,2021-10-20T17:53:34.451Z,"25 km SW of Kitakata, Japan",earthquake,,,,,reviewed,us,nied
2009-10-11T07:21:25.990Z,25.579,141.132,35,4.7,mb,35,79.5,,1.13,us,usp000h2r6,2014-11-07T01:39:54.864Z,"Volcano Islands, Japan region",earthquake,,,,7,reviewed,us,us
2009-10-11T06:01:52.880Z,36.324,139.425,150.3,4.4,mb,28,148.6,,0.83,us,usp000h2r4,2014-11-07T01:39:54.854Z,"2 km WSW of Ashikaga, Japan",earthquake,,6.1,,5,reviewed,us,us
2009-10-11T01:12:18.360Z,43.147,146.602,42.3,5.2,mwc,263,78.4,,0.63,us,usp000h2qs,2016-11-10T02:18:36.747Z,"73 km S of Shikotan, Russia",earthquake,,,,,reviewed,us,gcmt
2009-10-10T08:42:51.030Z,41.808,142.084,99.8,5.1,mwc,329,72.7,,0.68,us,usp000h2pp,2022-07-15T18:50:39.271Z,"62 km SSW of Shizunai-furukawach?, Japan",earthquake,,4.5,,,reviewed,us,gcmt
2009-10-09T06:11:15.350Z,35.789,141.163,35,4.3,mb,15,202.7,,0.69,us,usp000h2n5,2014-11-07T01:39:54.190Z,"30 km ENE of Hasaki, Japan",earthquake,,,,2,reviewed,us,us
2009-10-08T15:47:17.760Z,37.439,142.998,35,4.1,mwr,28,135.5,,0.83,us,usp000h2kk,2014-11-07T01:39:53.948Z,"176 km E of Namie, Japan",earthquake,,,,,reviewed,us,nied
2009-10-05T17:17:55.840Z,24.801,128.05,10,4.5,mwr,60,92.1,,0.89,us,usp000h2e0,2014-11-07T01:39:52.669Z,"151 km SSE of Itoman, Japan",earthquake,,,,,reviewed,us,nied
2009-10-05T14:12:01.760Z,33.7,137.117,353.8,4.6,mwr,59,98.5,,0.97,us,usp000h2dt,2014-11-07T01:39:52.637Z,"90 km SSE of Toba, Japan",earthquake,,,,,reviewed,us,nied
2009-10-05T06:06:10.670Z,29.543,140.602,111.1,4.6,mwr,66,80.2,,0.86,us,usp000h2d5,2014-11-07T01:39:52.530Z,"Izu Islands, Japan region",earthquake,,4.7,,,reviewed,us,nied
2009-10-05T00:58:48.930Z,25.169,126.865,35,4.4,mwr,29,132.2,,1.06,us,usp000h2cz,2014-11-07T01:39:52.509Z,"133 km SW of Itoman, Japan",earthquake,,,,,reviewed,us,nied
2009-10-05T00:35:12.680Z,42.491,141.599,22.8,4.6,mwr,136,68.2,,0.83,us,usp000h2cy,2022-07-15T18:40:57.708Z,"16 km S of Tomakomai, Japan",earthquake,,4.6,,,reviewed,us,nied
2009-10-04T14:02:15.700Z,24.671,122.075,70.6,4.6,mb,50,49.8,,1.06,us,usp000h2cb,2014-11-07T01:39:52.385Z,"33 km ESE of Yilan, Taiwan",earthquake,,5.4,,9,reviewed,us,us
2009-10-04T11:56:06.090Z,24.339,122.374,10,4.5,ml,7,270.3,,1.37,us,usp000h2c6,2014-11-07T01:39:52.372Z,"65 km WSW of Yonakuni, Japan",earthquake,,,,,reviewed,us,tap
2009-10-03T15:36:28.180Z,27.892,127.781,82,5,mwc,79,103.3,,1.07,us,usp000h2av,2022-05-02T21:20:43.717Z,"142 km N of Nago, Japan",earthquake,,,,,reviewed,us,gcmt
2009-10-03T13:57:25.920Z,40.785,141.142,55.2,4,mwr,22,73.2,,0.6,us,usp000h2aq,2014-11-07T01:39:51.973Z,"23 km WNW of Misawa, Japan",earthquake,,7.7,,,reviewed,us,nied
2009-10-03T09:37:51.550Z,25.22,126.92,46.6,4.1,mb,13,133.3,,0.47,us,usp000h2ae,2014-11-07T01:39:51.927Z,"125 km SW of Itoman, Japan",earthquake,,7.9,,1,reviewed,us,us
2009-10-02T01:43:58.680Z,41.763,143.648,40.5,4.8,mwr,145,118.9,,0.63,us,usp000h275,2014-11-07T01:39:50.804Z,"123 km ESE of Shizunai-furukawach?, Japan",earthquake,,3.9,,,reviewed,us,nied
2009-10-02T00:43:59.750Z,36.691,141.589,5.7,4.2,mwr,34,92,,1.38,us,usp000h26y,2014-11-07T01:39:50.612Z,"74 km ESE of Iwaki, Japan",earthquake,,4.6,,,reviewed,us,nied
2009-10-01T15:21:26.450Z,29.708,131.93,35,4.6,mb,9,229.8,,0.87,us,usp000h267,2014-11-07T01:39:49.832Z,"southeast of the Ryukyu Islands, Japan",earthquake,,,,2,reviewed,us,us
2009-10-01T10:43:02.170Z,36.382,140.718,44,4.1,mwr,32,112.3,,1.03,us,usp000h25g,2014-11-07T01:39:49.633Z,"14 km ENE of ?arai, Japan",earthquake,,7.7,,,reviewed,us,nied
2009-09-29T22:43:24.510Z,27.785,127.926,10,5,mb,28,108.2,,1.34,us,usp000h219,2014-11-07T01:39:45.908Z,"129 km N of Nago, Japan",earthquake,,,,15,reviewed,us,us
2009-09-29T22:36:17.600Z,27.783,127.761,10,5.4,mwr,135,100.6,,0.97,us,usp000h217,2022-05-02T22:32:46.122Z,"131 km N of Nago, Japan",earthquake,,,,,reviewed,us,nied
2009-09-29T17:21:44.230Z,41.544,142.05,62.9,4.5,mwr,85,128.2,,0.59,us,usp000h1yr,2014-11-07T01:39:45.492Z,"75 km ENE of Mutsu, Japan",earthquake,,,,,reviewed,us,nied
2009-09-29T12:03:19.320Z,43.5,144.741,10,4.3,mwr,39,136.1,,0.97,us,usp000h1yj,2014-11-07T01:39:45.477Z,"36 km WSW of Shibetsu, Japan",earthquake,,,,,reviewed,us,nied
2009-09-28T22:48:44.520Z,27.813,127.935,10,4.4,mb,25,124.3,,1.06,us,usp000h1xv,2014-11-07T01:39:45.377Z,"132 km N of Nago, Japan",earthquake,,,,11,reviewed,us,us
2009-09-28T19:22:57.140Z,27.927,127.821,9,5.8,mwb,249,18.4,,0.98,us,usp000h1xt,2022-05-02T21:19:57.592Z,"146 km N of Nago, Japan",earthquake,,,,,reviewed,us,us
2009-09-26T06:07:41.390Z,34.559,140.522,51.8,4.2,mb,33,106.8,,1.18,us,usp000h1vp,2014-11-07T01:39:45.016Z,"67 km SSE of Katsuura, Japan",earthquake,,8.7,,5,reviewed,us,us
2009-09-24T01:14:00.000Z,33.55,141.002,25.2,4.6,mwr,64,106.8,,1.04,us,usp000h1tp,2014-11-07T01:39:44.512Z,"188 km SSE of Katsuura, Japan",earthquake,,15.6,,,reviewed,us,nied
2009-09-23T10:16:37.040Z,24.593,122.674,10,4.5,ml,7,290.4,,0.63,us,usp000h1t7,2014-11-07T01:39:44.449Z,"35 km WNW of Yonakuni, Japan",earthquake,,,,,reviewed,us,tap
2009-09-22T22:59:34.240Z,27.153,140.024,423.8,5.3,mwc,252,34.8,,0.76,us,usp000h1ss,2016-11-10T00:21:51.871Z,"Bonin Islands, Japan region",earthquake,,,,,reviewed,us,gcmt
2009-09-22T11:40:43.560Z,37.559,141.683,67.2,4.5,mwr,109,95.1,,0.87,us,usp000h1s9,2022-07-15T18:03:19.222Z,"60 km E of Namie, Japan",earthquake,,6.1,,,reviewed,us,nied
2009-09-22T05:42:37.030Z,44.745,149.436,65.5,4.9,mb,79,80.4,,0.64,us,usp000h1rw,2014-11-07T01:39:44.174Z,"134 km ESE of Kuril’sk, Russia",earthquake,,6,,22,reviewed,us,us
2009-09-20T09:08:26.890Z,44.589,148.1,101.6,4.6,mb,43,137,,0.8,us,usp000h1q6,2014-11-07T01:39:43.848Z,"73 km SSE of Kuril’sk, Russia",earthquake,,6.6,,13,reviewed,us,us
2009-09-18T06:36:29.060Z,41.649,142.123,76.2,4.6,mb,37,124,,1.08,us,usp000h1mj,2014-11-07T01:39:42.898Z,"78 km SSW of Shizunai-furukawach?, Japan",earthquake,,7,,7,reviewed,us,us
2009-09-18T05:53:56.100Z,24.86,122,26.9,4.7,ml,7,278.9,,,us,usp000h1mf,2014-11-07T01:39:42.860Z,"27 km ENE of Yilan, Taiwan",earthquake,,,,,reviewed,tap,tap
2009-09-17T04:38:23.360Z,44.074,147.304,64.2,4.3,mb,29,128.6,,1.17,us,usp000h1kg,2014-11-07T01:39:42.710Z,"55 km ENE of Shikotan, Russia",earthquake,,10.2,,1,reviewed,us,us
2009-09-14T09:49:44.340Z,29.481,130.627,49,4.5,mwr,26,129.3,,0.9,us,usp000h1h1,2014-11-07T01:39:42.302Z,"84 km S of Koshima, Japan",earthquake,,8.3,,,reviewed,us,nied
2009-09-13T08:37:10.730Z,41.3,142.725,11.5,4.3,mwr,48,134.7,,1.17,us,usp000h1g5,2014-11-07T01:39:42.201Z,"118 km SSE of Shizunai-furukawach?, Japan",earthquake,,10.3,,,reviewed,us,nied
2009-09-12T23:56:00.250Z,29.132,130.081,48.1,4.6,mwr,53,77,,0.92,us,usp000h1fw,2014-11-07T01:39:42.130Z,"102 km NE of Naze, Japan",earthquake,,7.2,,,reviewed,us,nied
2009-09-11T15:59:34.100Z,32.903,141.523,29.3,4.4,mwr,42,104.7,,0.72,us,usp000h1et,2014-11-07T01:39:41.916Z,"272 km SSE of Katsuura, Japan",earthquake,,15,,,reviewed,us,nied
2009-09-10T09:29:19.580Z,43.221,146.181,80.6,4.9,mb,197,114.7,,0.63,us,usp000h1d3,2014-11-07T01:39:41.646Z,"50 km ESE of Nemuro, Japan",earthquake,,4.5,,93,reviewed,us,us
2009-09-09T15:39:41.030Z,41.2,142.252,60.9,4,mwr,28,135.5,,0.8,us,usp000h1cf,2014-11-07T01:39:41.506Z,"87 km E of Mutsu, Japan",earthquake,,,,,reviewed,us,nied
2009-09-08T13:33:53.890Z,37.765,141.795,64.9,4.2,mwr,38,120.9,,0.94,us,usp000h1bf,2014-11-07T01:39:41.308Z,"76 km ENE of Namie, Japan",earthquake,,8.6,,,reviewed,us,nied
2009-09-07T16:24:26.400Z,42.196,142.863,59.3,4.8,mwr,79,116,,0.73,us,usp000h1ag,2022-07-15T17:23:30.468Z,"43 km ESE of Shizunai-furukawach?, Japan",earthquake,,5.7,,,reviewed,us,nied
2009-09-07T04:42:37.200Z,38.504,143.151,28,4.4,mb,29,136.1,,0.57,us,usp000h19x,2014-11-07T01:39:40.888Z,"139 km ESE of ?funato, Japan",earthquake,,13.8,,4,reviewed,us,us
2009-09-05T01:59:35.170Z,37.108,139.977,98.5,4.3,mwr,110,94.5,,0.81,us,usp000h185,2014-11-07T01:39:40.427Z,"16 km NNW of Kuroiso, Japan",earthquake,,5.5,,,reviewed,us,nied
2009-09-04T06:43:50.560Z,24.368,142.041,44,4.4,mb,33,79.9,,1.1,us,usp000h179,2014-11-07T01:39:40.124Z,"Volcano Islands, Japan region",earthquake,,14,,12,reviewed,us,us
2009-09-04T02:30:30.390Z,35.655,139.978,49.1,4.8,mwc,87,96.5,,0.78,us,usp000h16y,2022-07-15T17:08:37.270Z,"5 km S of Honch?, Japan",earthquake,,5.6,,,reviewed,us,gcmt
2009-09-04T02:23:59.780Z,31.429,140.054,51.5,4.9,mb,37,90.1,,0.99,us,usp000h16x,2014-11-07T01:39:40.031Z,"Izu Islands, Japan region",earthquake,,8.9,,12,reviewed,us,us
2009-09-04T01:18:16.870Z,34.237,140.674,45.1,4.3,mwr,75,81.7,,0.62,us,usp000h16w,2014-11-07T01:39:40.016Z,"106 km SSE of Katsuura, Japan",earthquake,,7.2,,,reviewed,us,nied
2009-09-03T13:26:17.950Z,31.14,130.014,163,6.2,mwc,460,20.7,,1,us,usp000h16f,2022-07-15T17:06:58.587Z,"32 km WSW of Makurazaki, Japan",earthquake,,,,,reviewed,us,us
2009-09-03T09:32:41.750Z,37.9,142.771,42.7,4,mwr,45,119.9,,0.93,us,usp000h16a,2014-11-07T01:39:39.519Z,"141 km ESE of Ishinomaki, Japan",earthquake,,7.2,,,reviewed,us,nied
2009-09-03T01:43:26.530Z,33.592,142.566,10,4.3,mwr,55,115.3,,0.84,us,usp000h162,2014-11-07T01:39:39.454Z,"269 km SE of Katsuura, Japan",earthquake,,,,,reviewed,us,nied
2009-09-03T01:04:56.920Z,33.138,140.974,43.3,4,mb,23,117.7,,1.24,us,usp000h160,2014-11-07T01:39:39.444Z,"228 km SSE of Tateyama, Japan",earthquake,,10.3,,1,reviewed,us,us
2009-09-02T12:24:39.140Z,43.804,147.796,52.1,5,mb,208,96.5,,0.67,us,usp000h15h,2014-11-07T01:39:38.732Z,"86 km E of Shikotan, Russia",earthquake,,3.9,,76,reviewed,us,us
2009-09-01T21:40:22.420Z,33.822,132.714,35,4,mb,8,224.3,,1.16,us,usp000h14k,2014-11-07T01:39:38.209Z,"3 km N of Masaki-ch?, Japan",earthquake,,,,5,reviewed,us,us
2009-09-01T15:26:06.880Z,29.835,130.207,46.2,4.5,mwr,40,94.7,,0.97,us,usp000h146,2014-11-07T01:39:37.790Z,"51 km SSW of Yudomari, Japan",earthquake,,7.8,,,reviewed,us,nied
2009-09-01T12:02:17.890Z,35.508,140.938,10,4.7,mwr,199,111.4,,0.74,us,usp000h143,2022-07-15T17:01:17.599Z,"26 km SSE of Hasaki, Japan",earthquake,,,,,reviewed,us,nied
2009-08-31T08:55:52.860Z,32.812,140.85,48.4,4.4,mb,21,87.1,,1.39,us,usp000h131,2014-11-07T01:39:35.484Z,"257 km SSE of Tateyama, Japan",earthquake,,13.7,,2,reviewed,us,us
2009-08-31T06:16:01.260Z,41.083,144.372,10,4.1,mwr,33,110,,1.06,us,usp000h12u,2014-11-07T01:39:35.470Z,"210 km S of Kushiro, Japan",earthquake,,,,,reviewed,us,nied
2009-08-30T15:45:54.580Z,37.055,141.509,40.8,4.6,mwr,82,116.9,,0.78,us,usp000h123,2022-07-15T16:54:09.000Z,"55 km E of Iwaki, Japan",earthquake,,,,,reviewed,us,nied
2009-08-30T13:09:44.890Z,28.743,130.047,38.2,4.7,mwr,49,127.7,,0.81,us,usp000h11w,2014-11-07T01:39:35.265Z,"69 km NE of Naze, Japan",earthquake,,7.4,,,reviewed,us,nied
2009-08-29T14:53:10.890Z,25.654,142.521,36.9,4.5,mb,25,130.4,,0.35,us,usp000h10k,2014-11-07T01:39:35.041Z,"Volcano Islands, Japan region",earthquake,,8.1,,5,reviewed,us,us
2009-08-28T22:24:45.780Z,42.407,143.902,50,4.3,mwr,50,131,,0.87,us,usp000h0zk,2014-11-07T01:39:34.456Z,"74 km SSW of Kushiro, Japan",earthquake,,6.7,,,reviewed,us,nied
2009-08-28T11:00:13.480Z,29.922,130.593,54.1,4.5,mwr,34,122.2,,0.81,us,usp000h0z9,2014-11-07T01:39:34.406Z,"35 km S of Koshima, Japan",earthquake,,7.3,,,reviewed,us,nied
2009-08-28T05:47:53.880Z,29.918,130.528,64.8,5.2,mwr,123,100.4,,0.88,us,usp000h0yv,2014-11-07T01:39:34.340Z,"35 km S of Koshima, Japan",earthquake,,5.2,,,reviewed,us,nied
2009-08-26T21:04:56.850Z,32.197,141.984,16.8,4.2,mb,23,147.7,,0.74,us,usp000h0wh,2014-11-07T01:39:33.866Z,"Izu Islands, Japan region",earthquake,,25.9,,6,reviewed,us,us
2009-08-26T16:29:54.310Z,32.158,141.977,31.6,3.9,mwr,28,110.8,,1.09,us,usp000h0we,2014-11-07T01:39:33.859Z,"Izu Islands, Japan region",earthquake,,24.2,,,reviewed,us,nied
2009-08-25T17:33:44.060Z,27.275,141.617,33.1,4,mwr,19,108.8,,0.47,us,usp000h0v7,2014-11-07T01:39:33.661Z,"Bonin Islands, Japan region",earthquake,,16.1,,,reviewed,us,nied
2009-08-25T11:19:27.090Z,35.298,140.229,35,4.2,mb,12,136.4,,0.82,us,usp000h0v1,2014-11-07T01:39:33.639Z,"15 km SSW of Mobara, Japan",earthquake,,,,2,reviewed,us,us
2009-08-24T21:37:04.790Z,35.399,141.129,29.5,4.4,mb,41,108.8,,0.96,us,usp000h0u2,2014-11-07T01:39:33.520Z,"45 km SE of Hasaki, Japan",earthquake,,15.4,,8,reviewed,us,us
2009-08-24T17:22:50.750Z,42.135,142.752,49.7,4.5,mwr,57,121.2,,0.82,us,usp000h0tx,2014-11-07T01:39:33.504Z,"38 km SE of Shizunai-furukawach?, Japan",earthquake,,6.7,,,reviewed,us,nied
2009-08-24T05:53:40.000Z,24.786,127.601,45.2,4.4,mwr,52,110.4,,1.36,us,usp000h0tj,2014-11-07T01:39:33.458Z,"148 km S of Itoman, Japan",earthquake,,,,,reviewed,us,nied
2009-08-24T05:26:17.100Z,41.016,140.065,175.8,5.3,mwc,285,27.8,,0.76,us,usp000h0tg,2022-07-15T16:23:43.214Z,"34 km NW of Shimokizukuri, Japan",earthquake,,,,,reviewed,us,gcmt
2009-08-24T02:10:39.100Z,33.177,138.268,283.7,4.3,mb,56,75.8,,0.76,us,usp000h0t8,2014-11-07T01:39:33.406Z,"158 km S of ?yama, Japan",earthquake,,4.9,,15,reviewed,us,us
2009-08-22T14:48:18.380Z,38.039,142.443,34.3,4.2,mwr,35,121.2,,0.6,us,usp000h0rt,2014-11-07T01:39:33.145Z,"108 km ESE of Ishinomaki, Japan",earthquake,,13.9,,,reviewed,us,nied
2009-08-22T14:06:05.810Z,31.64,142.509,30.7,4.8,mb,28,121.2,,0.7,us,usp000h0rs,2014-11-07T01:39:33.116Z,"Izu Islands, Japan region",earthquake,,21.6,,2,reviewed,us,us
2009-08-22T03:24:49.370Z,24.705,122.655,113.1,4.3,mb,15,98.5,,0.59,us,usp000h0r7,2014-11-07T01:39:33.006Z,"43 km NW of Yonakuni, Japan",earthquake,,5.3,,6,reviewed,us,us
2009-08-21T11:38:01.330Z,42.049,133.57,449.3,4.1,mb,17,155.3,,0.92,us,usp000h0q6,2014-11-07T01:39:32.832Z,"85 km SSE of Vrangel’, Russia",earthquake,,8.9,,9,reviewed,us,us
2009-08-21T07:39:51.760Z,25.173,124.488,99.3,4.4,mb,51,89.5,,0.93,us,usp000h0pz,2014-11-07T01:39:32.789Z,"91 km WNW of Hirara, Japan",earthquake,,5.5,,13,reviewed,us,us
2009-08-20T23:51:16.570Z,35.663,140.074,60.7,4.2,mwr,26,107.7,,1.08,us,usp000h0ps,2014-11-07T01:39:32.769Z,"7 km NNW of Chiba, Japan",earthquake,,8.9,,,reviewed,us,nied
2009-08-17T21:58:55.830Z,36.995,139.951,86.2,4.4,mwr,90,94.7,,0.91,us,usp000h0j4,2022-07-15T16:08:04.743Z,"9 km WNW of Kuroiso, Japan",earthquake,,6.1,,,reviewed,us,nied
2009-08-17T10:19:36.690Z,24.126,123.202,10,4.6,mb,26,122.4,,1.43,us,usp000h0hb,2014-11-07T01:39:31.452Z,"42 km SSE of Yonakuni, Japan",earthquake,,,,2,reviewed,us,us
2009-08-16T17:21:10.010Z,35.749,140.642,62.8,4.4,mb,33,119.6,,1.39,us,usp000h0fw,2014-11-07T01:39:31.172Z,"3 km NNW of Asahi, Japan",earthquake,,11.6,,4,reviewed,us,us
2009-08-15T20:30:06.370Z,36.049,141.844,10,4.2,mwr,27,127,,0.83,us,usp000h0e9,2014-11-07T01:39:30.876Z,"97 km ENE of Hasaki, Japan",earthquake,,,,,reviewed,us,nied
2009-08-15T10:45:49.200Z,43.182,145.763,51.5,4.5,mwr,134,78.6,,0.7,us,usp000h0dm,2014-11-07T01:39:30.751Z,"21 km SE of Nemuro, Japan",earthquake,,5.1,,,reviewed,us,nied
2009-08-14T03:57:00.800Z,30.956,137.981,446.1,4.5,mwr,172,71.7,,0.66,us,usp000h0bc,2014-11-07T01:39:30.473Z,"Izu Islands, Japan region",earthquake,,4.4,,,reviewed,us,nied
2009-08-13T09:11:02.870Z,34.746,138.435,10,4.3,mwr,42,125.7,,0.9,us,usp000h09s,2014-11-07T01:39:30.252Z,"17 km SE of Yaizu, Japan",earthquake,,,,,reviewed,us,nied
2009-08-13T01:53:10.030Z,32.743,140.501,77.2,4.7,mb,96,97,,0.67,us,usp000h099,2022-07-15T15:46:40.721Z,"255 km SSE of Tateyama, Japan",earthquake,,6.8,,45,reviewed,us,us
2009-08-12T22:48:51.420Z,32.821,140.395,53,6.6,mwc,336,14.1,,0.78,us,usp000h093,2022-07-15T15:45:06.729Z,"244 km SSE of Tateyama, Japan",earthquake,,,,,reviewed,us,us
2009-08-11T09:09:44.570Z,34.72,138.553,38.6,4.3,mb,29,125.6,,0.71,us,usp000h06u,2014-11-07T01:39:29.721Z,"26 km SE of Yaizu, Japan",earthquake,,9,,4,reviewed,us,us
2009-08-10T21:27:08.190Z,34.751,138.49,26.9,4.3,mb,16,192,,0.81,us,usp000h060,2014-11-07T01:39:29.629Z,"20 km SE of Yaizu, Japan",earthquake,,25.2,,3,reviewed,us,us
2009-08-10T20:07:09.110Z,34.743,138.264,40.4,6.2,mwr,163,30.6,,0.94,us,usp000h05y,2022-07-15T15:35:58.368Z,"8 km NE of Sagara, Japan",earthquake,,6,,,reviewed,us,nied
2009-08-10T12:42:53.330Z,43.497,130.574,572.9,4.8,mb,237,38.5,,0.76,us,usp000h05m,2014-11-07T01:39:29.470Z,"68 km ENE of Wangqing, China",earthquake,,,,130,reviewed,us,us
2009-08-09T16:01:26.840Z,33.001,138.093,305.7,4.8,mwr,115,105.6,,0.66,us,usp000h04u,2014-11-07T01:39:29.337Z,"178 km S of ?yama, Japan",earthquake,,,,,reviewed,us,nied
2009-08-09T11:47:15.310Z,36.101,138.717,142.2,4.2,mb,71,122.5,,0.89,us,usp000h04n,2022-07-15T15:31:54.530Z,"23 km SW of Tomioka, Japan",earthquake,,5.3,,31,reviewed,us,us
2009-08-09T10:55:55.110Z,33.167,137.944,292,7.1,mwc,447,14.2,,0.91,us,usp000h04j,2022-07-15T15:30:17.690Z,"161 km S of ?yama, Japan",earthquake,,,,,reviewed,us,us
2009-08-08T13:31:52.390Z,28.813,141.394,57.1,4.9,mb,16,78.1,,0.9,us,usp000h03r,2014-11-07T01:39:29.061Z,"Bonin Islands, Japan region",earthquake,,19.2,,10,reviewed,us,us
2009-08-08T05:44:12.920Z,24.244,125.204,18.1,4.8,mwr,73,117.1,,1.04,us,usp000h039,2014-11-07T01:39:28.897Z,"62 km S of Hirara, Japan",earthquake,,14.9,,,reviewed,us,nied
2009-08-08T05:02:59.750Z,24.27,125.037,20.6,4.2,mwr,25,122.8,,1.01,us,usp000h038,2014-11-07T01:39:28.894Z,"64 km SSW of Hirara, Japan",earthquake,,23.4,,,reviewed,us,nied
2009-08-07T22:30:35.180Z,37.239,142.186,38.1,4.3,mwr,70,97.5,,0.83,us,usp000h02u,2014-11-07T01:39:28.845Z,"108 km ESE of Namie, Japan",earthquake,,7,,,reviewed,us,nied
2009-08-06T05:39:47.800Z,37.182,142.107,31.7,4.5,mwr,55,120.2,,0.75,us,usp000h012,2014-11-07T01:39:28.210Z,"103 km ESE of Namie, Japan",earthquake,,12.7,,,reviewed,us,nied
2009-08-05T11:26:48.280Z,24.231,125.112,27.8,4.6,mwr,55,116.3,,0.95,us,usp000h008,2014-11-07T01:39:28.031Z,"66 km SSW of Hirara, Japan",earthquake,,11.7,,,reviewed,us,nied
2009-08-05T03:51:15.620Z,32.538,131.856,45.6,5,mwc,170,43.1,,0.84,us,usp000gzzu,2022-07-15T15:13:06.421Z,"18 km ESE of Nobeoka, Japan",earthquake,,3.9,,,reviewed,us,gcmt
2009-08-05T00:17:58.820Z,24.233,125.095,25,6.1,mwc,221,27,,0.89,us,usp000gzzq,2022-07-15T15:11:28.485Z,"66 km SSW of Hirara, Japan",earthquake,,,,,reviewed,us,us
2009-08-04T15:29:51.140Z,31.651,142.453,35,4.2,mwr,68,62.7,,0.59,us,usp000gzzb,2014-11-07T01:39:27.625Z,"Izu Islands, Japan region",earthquake,,,,,reviewed,us,nied
2009-08-03T11:18:19.210Z,32.394,130.485,35,4.4,mb,36,87.8,,1.01,us,usp000gzxz,2014-11-07T01:39:26.707Z,"16 km SW of Honmachi, Japan",earthquake,,,,5,reviewed,us,us
2009-08-03T07:19:31.230Z,37.236,141.43,44.3,4.4,mwr,69,125.5,,0.9,us,usp000gzxs,2014-11-07T01:39:26.632Z,"46 km SE of Namie, Japan",earthquake,,,,,reviewed,us,nied
2009-08-02T11:57:42.240Z,25.787,125.457,109.5,4.6,mwr,39,101.4,,1.09,us,usp000gzx2,2014-11-07T01:39:26.417Z,"110 km N of Hirara, Japan",earthquake,,6.5,,,reviewed,us,nied
2009-08-01T17:59:48.450Z,40.214,140.896,100.5,4.3,mb,44,132.1,,0.82,us,usp000gzw7,2014-11-07T01:39:25.879Z,"9 km ENE of Hanawa, Japan",earthquake,,,,9,reviewed,us,us
2009-08-01T17:54:33.880Z,38.28,138.615,35.3,4.4,mwr,134,112.6,,0.62,us,usp000gzw6,2014-11-07T01:39:25.819Z,"27 km NE of Ry?tsu-minato, Japan",earthquake,,4.6,,,reviewed,us,nied
2009-08-01T15:57:04.130Z,38.277,138.631,37.8,4.7,mwr,140,112.6,,0.89,us,usp000gzw2,2014-11-07T01:39:25.698Z,"27 km NE of Ry?tsu-minato, Japan",earthquake,,5.8,,,reviewed,us,nied
2009-08-01T09:45:50.760Z,37.576,141.789,47.4,5,mwc,211,67,,0.75,us,usp000gzvv,2016-11-10T02:15:35.104Z,"70 km E of Namie, Japan",earthquake,,4.8,,,reviewed,us,gcmt
2009-07-31T02:30:04.720Z,42.75,141.858,111.9,4.2,mwr,23,86.8,,0.86,us,usp000gzuc,2014-11-07T01:39:23.325Z,"18 km ESE of Chitose, Japan",earthquake,,7.8,,,reviewed,us,nied
2009-07-29T12:22:48.820Z,43.361,146.831,45.3,4.8,mb,98,125.6,,0.73,us,usp000gzsm,2014-11-07T01:39:23.050Z,"49 km S of Shikotan, Russia",earthquake,,5.7,,49,reviewed,us,us
2009-07-29T11:03:32.060Z,43.412,147.149,67.8,4.6,mb,96,87.3,,0.77,us,usp000gzsk,2014-11-07T01:39:23.042Z,"55 km SE of Shikotan, Russia",earthquake,,,,44,reviewed,us,us
2009-07-29T07:06:15.650Z,25.654,125.219,112.5,4.4,mwr,42,97.6,,1.08,us,usp000gzs7,2014-11-07T01:39:22.984Z,"94 km N of Hirara, Japan",earthquake,,6,,,reviewed,us,nied
2009-07-28T11:52:55.290Z,41.368,140.166,32,4.1,mb,17,113.3,,0.84,us,usp000gzrm,2014-11-07T01:39:22.882Z,"63 km NNW of Shimokizukuri, Japan",earthquake,,17.8,,4,reviewed,us,us
2009-07-28T08:11:49.140Z,36.011,141.482,12.7,4.3,mwr,28,127,,0.69,us,usp000gzrf,2014-11-07T01:39:22.667Z,"66 km ENE of Hasaki, Japan",earthquake,,20.6,,,reviewed,us,nied
2009-07-27T19:16:17.380Z,43.903,145.3,145.6,4.7,mwr,109,82.6,,0.87,us,usp000gzqq,2014-11-07T01:39:22.593Z,"30 km NNE of Shibetsu, Japan",earthquake,,,,,reviewed,us,nied
2009-07-26T21:59:32.390Z,25.918,128.17,8.4,4.1,mb,22,154.4,,0.52,us,usp000gzpn,2014-11-07T01:39:22.207Z,"54 km SSE of Katsuren-haebaru, Japan",earthquake,,15.6,,3,reviewed,us,us
2009-07-25T11:32:22.500Z,44.857,147.973,97.9,5,mwc,230,66.3,,0.76,us,usp000gzm6,2016-11-10T02:15:05.418Z,"41 km S of Kuril’sk, Russia",earthquake,,,,,reviewed,us,gcmt
2009-07-24T09:43:31.490Z,28.368,129.194,47.6,4.4,mb,20,130.4,,1.17,us,usp000gzk1,2014-11-07T01:39:21.138Z,"28 km W of Naze, Japan",earthquake,,10.5,,3,reviewed,us,us
2009-07-22T22:36:05.990Z,37.446,141.996,41.9,4,mb,13,135.8,,0.65,us,usp000gzhv,2014-11-07T01:39:20.984Z,"88 km E of Namie, Japan",earthquake,,11.3,,2,reviewed,us,us
2009-07-22T14:51:02.260Z,33.025,134.303,19.9,4.5,mwr,33,130.8,,0.53,us,usp000gzhq,2022-07-15T14:32:06.269Z,"31 km SSE of Muroto-misakicho, Japan",earthquake,,14.5,,,reviewed,us,nied
2009-07-21T18:56:39.880Z,36.57,140.563,93.7,4.2,mwr,37,143,,0.93,us,usp000gzh2,2014-11-07T01:39:20.846Z,"8 km WSW of Hitachi, Japan",earthquake,,6.5,,,reviewed,us,nied
2009-07-20T14:41:56.610Z,25.887,125.777,46.7,4.3,mwr,29,97.7,,1.17,us,usp000gzfu,2014-11-07T01:39:20.677Z,"129 km NNE of Hirara, Japan",earthquake,,8.4,,,reviewed,us,nied
2009-07-19T10:31:06.980Z,24.921,128.055,10,4.2,mwr,30,120.4,,0.99,us,usp000gzeq,2014-11-07T01:39:20.507Z,"139 km SSE of Itoman, Japan",earthquake,,,,,reviewed,us,nied
2009-07-19T09:33:54.390Z,24.907,128.075,10,4.1,mwr,34,120.4,,1.05,us,usp000gzek,2014-11-07T01:39:20.498Z,"141 km SSE of Itoman, Japan",earthquake,,,,,reviewed,us,nied
2009-07-19T06:02:32.380Z,33.044,141.312,35,4.7,mwr,156,68.7,,0.76,us,usp000gzed,2014-11-07T01:39:20.419Z,"250 km SSE of Katsuura, Japan",earthquake,,,,,reviewed,us,nied
2009-07-19T01:47:59.910Z,37.35,141.745,41.3,4.4,mb,69,105.4,,0.77,us,usp000gze8,2014-11-07T01:39:20.376Z,"67 km ESE of Namie, Japan",earthquake,,6.3,,25,reviewed,us,us
2009-07-19T00:26:51.010Z,26.496,142.385,35,4.2,mwr,29,77.5,,0.9,us,usp000gze5,2014-11-07T01:39:20.369Z,"Bonin Islands, Japan region",earthquake,,,,,reviewed,us,nied
2009-07-18T02:45:24.780Z,31.551,141.806,47,4.3,mwr,50,102.6,,0.95,us,usp000gzdc,2014-11-07T01:39:20.261Z,"Izu Islands, Japan region",earthquake,,10.5,,,reviewed,us,nied
2009-07-17T20:16:45.030Z,33.455,131.788,70.8,4.3,mwr,46,73.8,,1.15,us,usp000gzd0,2022-07-15T14:15:00.585Z,"16 km ENE of Kitsuki, Japan",earthquake,,,,,reviewed,us,nied
2009-07-17T01:55:43.910Z,26.503,142.342,29.9,4.8,mb,135,45.9,,0.76,us,usp000gzbt,2014-11-07T01:39:20.023Z,"Bonin Islands, Japan region",earthquake,,,,56,reviewed,us,us
2009-07-16T18:42:49.670Z,24.059,122.234,37.9,5.2,mwc,136,44.8,,0.97,us,usp000gzb8,2022-07-15T14:11:41.067Z,"64 km E of Hualien City, Taiwan",earthquake,,4.1,,,reviewed,us,gcmt
2009-07-16T10:59:23.380Z,24.007,122.388,10,4.1,mb,18,187.4,,0.75,us,usp000gzax,2014-11-07T01:39:19.872Z,"79 km E of Hualien City, Taiwan",earthquake,,,,2,reviewed,us,us
2009-07-16T10:48:16.640Z,24.105,122.208,43.9,5.4,mwc,217,76.9,,0.88,us,usp000gzav,2022-07-15T14:08:20.646Z,"63 km ENE of Hualien City, Taiwan",earthquake,,4,,,reviewed,us,gcmt
2009-07-16T06:29:04.760Z,42.371,132.998,477.3,5.3,mwc,320,51,,0.71,us,usp000gzae,2016-11-10T00:21:48.902Z,"40 km S of Vrangel’, Russia",earthquake,,,,,reviewed,us,gcmt
2009-07-13T20:28:54.920Z,24.093,122.116,37.2,5,mb,115,78.1,,0.99,us,usp000gz7f,2022-07-15T13:54:43.987Z,"53 km ENE of Hualien City, Taiwan",earthquake,,,,46,reviewed,us,us
2009-07-13T18:05:01.420Z,24.056,122.201,17,6.3,mwc,256,22.2,,1.04,us,usp000gz7c,2022-07-15T13:53:06.656Z,"61 km E of Hualien City, Taiwan",earthquake,,,,,reviewed,us,gcmt
2009-07-13T04:38:41.170Z,24.835,127.955,10,4.4,mwr,42,111.3,,0.82,us,usp000gz6j,2014-11-07T01:39:19.148Z,"145 km SSE of Itoman, Japan",earthquake,,,,,reviewed,us,nied
2009-07-12T23:31:30.450Z,43.568,130.439,574.4,4.1,mb,47,69.7,,0.75,us,usp000gz64,2014-11-07T01:39:19.082Z,"61 km ENE of Wangqing, China",earthquake,,5.9,,25,reviewed,us,us
2009-07-12T19:28:07.620Z,42.979,145.447,42.6,4.3,mwr,66,78.3,,0.87,us,usp000gz5t,2014-11-07T01:39:19.034Z,"39 km SSW of Nemuro, Japan",earthquake,,,,,reviewed,us,nied
2009-07-11T03:58:33.140Z,28.328,143.349,35.2,4.4,mb,16,122.6,,0.63,us,usp000gz49,2014-11-07T01:39:18.730Z,"Bonin Islands, Japan region",earthquake,,17,,2,reviewed,us,us
2009-07-11T02:00:46.480Z,30.327,142.046,31.7,4.3,mwr,65,110.5,,0.54,us,usp000gz45,2014-11-07T01:39:18.717Z,"Izu Islands, Japan region",earthquake,,,,,reviewed,us,nied
2009-07-10T15:01:36.420Z,42.609,141.295,127.7,4.9,mwc,141,74.8,,1.1,us,usp000gz3p,2022-07-15T13:39:26.658Z,"7 km NW of Shiraoi, Japan",earthquake,,5.8,,,reviewed,us,gcmt
2009-07-09T09:00:46.950Z,24.725,122.333,10,4.4,ml,12,145,,1.18,us,usp000gz2e,2014-11-07T01:39:18.432Z,"58 km E of Yilan, Taiwan",earthquake,,,,,reviewed,us,tap
2009-07-07T16:59:04.320Z,24.033,122.598,8.4,4.9,mb,57,95.3,,1.04,us,usp000gz0r,2014-11-07T01:39:18.076Z,"63 km SW of Yonakuni, Japan",earthquake,,11.3,,14,reviewed,us,us
2009-07-06T22:35:04.530Z,24.874,128.03,7,5.7,mwc,316,15,,0.76,us,usp000gyzu,2022-07-15T13:22:18.946Z,"143 km SSE of Itoman, Japan",earthquake,,,,,reviewed,us,us
2009-07-06T13:42:24.450Z,27.754,142.901,35,4.3,mwr,20,118.3,,1.21,us,usp000gyzg,2014-11-07T01:39:17.772Z,"Bonin Islands, Japan region",earthquake,,,,,reviewed,us,nied
2009-07-04T18:49:51.630Z,24.428,141.826,40.9,4.3,mwr,91,67.4,,0.86,us,usp000gyy6,2014-11-07T01:39:17.153Z,"Volcano Islands, Japan region",earthquake,,9.4,,,reviewed,us,nied
2009-07-04T13:26:33.880Z,24.283,124.992,11.1,4.2,mwr,37,118.8,,1.25,us,usp000gyxu,2014-11-07T01:39:17.066Z,"65 km SSW of Hirara, Japan",earthquake,,19.2,,,reviewed,us,nied
2009-07-03T09:50:36.110Z,24.076,122.313,32.1,4.8,mb,59,87.7,,1.03,us,usp000gywj,2014-11-07T01:39:16.389Z,"72 km E of Hualien City, Taiwan",earthquake,,12.7,,14,reviewed,us,us
2009-07-03T05:20:50.680Z,24.067,122.319,20.8,4.7,mb,52,95.9,,0.85,us,usp000gywc,2014-11-07T01:39:16.311Z,"73 km E of Hualien City, Taiwan",earthquake,,11,,19,reviewed,us,us
2009-07-02T03:50:20.390Z,37.901,141.95,52.2,4.3,mwr,35,129.3,,0.72,us,usp000gyut,2014-11-07T01:39:15.736Z,"80 km SE of Ishinomaki, Japan",earthquake,,6.3,,,reviewed,us,nied
2009-07-02T02:26:22.190Z,36.642,141.8,43.3,4.1,mb,18,127.8,,0.88,us,usp000gyup,2014-11-07T01:39:15.665Z,"93 km ESE of Iwaki, Japan",earthquake,,9.6,,1,reviewed,us,us
2009-06-30T04:35:27.580Z,25.867,143.025,35,4.2,mwr,31,97.7,,0.83,us,usp000gysb,2014-11-07T01:39:12.609Z,"Volcano Islands, Japan region",earthquake,,,,,reviewed,us,nied
2009-06-29T21:18:14.990Z,30.927,130.345,142.3,4,mb,24,127.8,,0.77,us,usp000gyry,2014-11-07T01:39:12.552Z,"37 km S of Makurazaki, Japan",earthquake,,6.1,,2,reviewed,us,us
2009-06-28T21:12:51.460Z,33.666,141.18,38.4,4.3,mb,18,191.3,,0.73,us,usp000gyqe,2014-11-07T01:39:12.295Z,"182 km SSE of Katsuura, Japan",earthquake,,15.6,,8,reviewed,us,us
2009-06-28T00:35:28.450Z,32.981,129.895,22,4,mb,17,131.5,,,us,usp000gypm,2014-11-07T01:39:12.184Z,"8 km NW of ?mura, Japan",earthquake,,,,1,reviewed,jma,us
2009-06-27T11:42:15.990Z,39.164,140.925,43.5,4.4,mb,50,115.5,,0.77,us,usp000gynz,2014-11-07T01:39:12.007Z,"18 km W of Mizusawa, Japan",earthquake,,5.8,,9,reviewed,us,us
2009-06-25T22:27:58.890Z,32.899,140.773,52.8,4.3,mwr,42,103.4,,1.06,us,usp000gym0,2014-11-07T01:39:11.707Z,"245 km SSE of Tateyama, Japan",earthquake,,,,,reviewed,us,nied
2009-06-25T14:03:56.270Z,33.276,130.754,14.4,4.5,mwr,61,86.1,,0.97,us,usp000gykg,2021-10-20T17:53:07.187Z,"10 km SE of Tanushimarumachi-toyoki, Japan",earthquake,,6.5,,,reviewed,us,nied
2009-06-24T22:10:53.490Z,24.037,122.265,36.9,4.9,mb,83,87.8,,0.92,us,usp000gyjq,2014-11-07T01:39:11.567Z,"67 km E of Hualien City, Taiwan",earthquake,,4.7,,36,reviewed,us,us
2009-06-24T05:35:58.920Z,35.457,143.122,7.9,4.1,mwr,29,117.7,,0.73,us,usp000gyj2,2014-11-07T01:39:11.488Z,"209 km E of Hasaki, Japan",earthquake,,25.7,,,reviewed,us,nied
2009-06-24T04:05:00.930Z,35.546,143.147,10,4.1,mwr,27,117.9,,1.1,us,usp000gyhz,2014-11-07T01:39:11.478Z,"210 km E of Hasaki, Japan",earthquake,,,,,reviewed,us,nied
2009-06-24T01:32:15.660Z,27.882,128.357,94.8,4.5,mwr,114,111.2,,0.81,us,usp000gyhv,2014-11-07T01:39:11.455Z,"123 km WSW of Naze, Japan",earthquake,,4.3,,,reviewed,us,nied
2009-06-23T07:37:17.570Z,38.85,142.389,37,5.6,mwb,346,48.4,,0.67,us,usp000gyhg,2022-07-15T12:17:16.719Z,"63 km ESE of ?funato, Japan",earthquake,,,,,reviewed,us,us
2009-06-23T07:24:13.380Z,39.203,143.463,28,5.1,mwc,178,120.7,,0.96,us,usp000gyhf,2022-07-15T12:15:37.021Z,"133 km ESE of Yamada, Japan",earthquake,,10.3,,,reviewed,us,gcmt
2009-06-23T01:06:37.600Z,37.206,142.285,13.2,4.4,mb,23,128.4,,0.78,us,usp000gyh2,2014-11-07T01:39:11.250Z,"117 km ESE of Namie, Japan",earthquake,,23.1,,3,reviewed,us,us
2009-06-22T03:17:43.730Z,27.569,142.673,5.6,4.2,mwr,31,115.3,,0.65,us,usp000gyf7,2014-11-07T01:39:10.914Z,"Bonin Islands, Japan region",earthquake,,22.1,,,reviewed,us,nied
2009-06-21T16:09:54.080Z,41.009,138.929,25.9,3.8,mwr,22,113.9,,0.86,us,usp000gyes,2014-11-07T01:39:10.886Z,"123 km W of Shimokizukuri, Japan",earthquake,,17.4,,,reviewed,us,nied
2009-06-21T10:24:24.690Z,39.184,143.382,37.8,4.1,mwr,30,136.2,,0.77,us,usp000gyek,2014-11-07T01:39:10.840Z,"127 km ESE of Yamada, Japan",earthquake,,8.7,,,reviewed,us,nied
2009-06-21T01:03:18.420Z,24.04,126.951,10,4.4,mb,41,127.7,,0.97,us,usp000gye5,2014-11-07T01:39:10.801Z,"187 km ESE of Hirara, Japan",earthquake,,,,10,reviewed,us,us
2009-06-21T00:06:11.700Z,24.081,126.908,45,4.3,mb,29,145.6,,1.55,us,usp000gye4,2014-11-07T01:39:10.798Z,"Ryukyu Islands, Japan",earthquake,,0,,5,reviewed,us,us
2009-06-20T03:44:29.150Z,24.047,122.51,51.9,4.8,mb,99,80.4,,0.78,us,usp000gydb,2014-11-07T01:39:10.658Z,"68 km SW of Yonakuni, Japan",earthquake,,3.8,,53,reviewed,us,us
2009-06-20T02:52:57.430Z,39.087,143.199,21.6,5.3,mwc,229,94.2,,0.84,us,usp000gyda,2016-11-10T02:13:36.491Z,"off the east coast of Honshu, Japan",earthquake,,9.8,,,reviewed,us,gcmt
2009-06-19T23:52:07.580Z,39.084,143.273,35,4.6,mwr,76,139.8,,0.61,us,usp000gyd4,2014-11-07T01:39:10.620Z,"121 km ESE of Yamada, Japan",earthquake,,9.1,,,reviewed,us,nied
2009-06-19T23:50:56.090Z,39.103,143.49,28.5,4.5,mb,14,156.5,,1.12,us,usp000gyd3,2014-11-07T01:39:10.618Z,"138 km ESE of Yamada, Japan",earthquake,,29.1,,2,reviewed,us,us
2009-06-19T19:22:15.660Z,32.754,134.924,10,4.4,mwr,50,131.3,,1.19,us,usp000gycy,2014-11-07T01:39:10.604Z,"92 km SE of Muroto-misakicho, Japan",earthquake,,0,,,reviewed,us,nied
2009-06-19T10:30:05.650Z,24.021,122.379,10,4.9,mb,56,117.3,,0.78,us,usp000gyc9,2014-11-07T01:39:10.451Z,"78 km E of Hualien City, Taiwan",earthquake,,,,21,reviewed,us,us
2009-06-19T05:32:49.530Z,35.532,141.233,21.3,4.4,mwr,37,118.3,,0.99,us,usp000gybz,2014-11-07T01:39:10.419Z,"42 km ESE of Hasaki, Japan",earthquake,,21.4,,,reviewed,us,nied
2009-06-18T06:21:06.040Z,31.3,141.752,38.8,5.1,mwc,199,36.3,,0.8,us,usp000gyb1,2016-11-10T02:13:33.171Z,"Izu Islands, Japan region",earthquake,,3.4,,,reviewed,us,gcmt
2009-06-17T23:11:10.670Z,45.463,149.78,95.8,4.8,mb,125,81.6,,0.73,us,usp000gyap,2014-11-07T01:39:10.245Z,"151 km E of Kuril’sk, Russia",earthquake,,,,69,reviewed,us,us
2009-06-17T17:01:28.990Z,42.444,142.85,110.2,4.1,mwr,36,96.7,,0.81,us,usp000gya9,2014-11-07T01:39:10.209Z,"41 km ENE of Shizunai-furukawach?, Japan",earthquake,,,,,reviewed,us,nied
2009-06-17T11:12:12.930Z,42.839,146.144,47.4,4.4,mb,46,135.1,,0.69,us,usp000gya3,2014-11-07T01:39:10.178Z,"71 km SE of Nemuro, Japan",earthquake,,4.5,,12,reviewed,us,us
2009-06-17T06:11:27.550Z,43.679,147.929,86.3,4.4,mb,26,135.6,,0.51,us,usp000gy9r,2014-11-07T01:39:10.114Z,"98 km E of Shikotan, Russia",earthquake,,6.3,,3,reviewed,us,us
2009-06-16T22:35:17.890Z,35.549,141.115,35,4.4,mb,32,92.1,,1,us,usp000gy9f,2014-11-07T01:39:10.069Z,"32 km SE of Hasaki, Japan",earthquake,,,,5,reviewed,us,us
2009-06-15T06:40:10.040Z,24.781,125.346,51.3,4.2,mb,32,116.4,,1.07,us,usp000gy7v,2014-11-07T01:39:09.804Z,"5 km ESE of Hirara, Japan",earthquake,,7.3,,5,reviewed,us,us
2009-06-14T18:32:21.890Z,40.856,141.911,93.3,4.2,mwr,34,133.8,,0.66,us,usp000gy6w,2014-11-07T01:39:09.670Z,"47 km ENE of Misawa, Japan",earthquake,,5,,,reviewed,us,nied
2009-06-14T10:17:55.720Z,33.139,131.993,63.6,4.2,mwr,27,116.3,,1.04,us,usp000gy6h,2014-11-07T01:39:09.614Z,"13 km ENE of Tsukumiura, Japan",earthquake,,5.8,,,reviewed,us,nied
2009-06-13T19:20:48.280Z,35.542,143.13,10,4.1,mwr,33,126.3,,0.78,us,usp000gy5c,2014-11-07T01:39:09.076Z,"209 km E of Hasaki, Japan",earthquake,,,,,reviewed,us,nied
2009-06-12T21:33:52.210Z,28.37,142.927,35,4.3,mb,21,200.4,,0.82,us,usp000gy4p,2014-11-07T01:39:08.973Z,"Bonin Islands, Japan region",earthquake,,,,6,reviewed,us,us
2009-06-11T06:50:45.490Z,43.934,147.176,63.5,4.4,mb,54,126.9,,0.99,us,usp000gy2y,2014-11-07T01:39:08.595Z,"39 km ENE of Shikotan, Russia",earthquake,,,,16,reviewed,us,us
2009-06-11T02:50:17.700Z,35.523,141.063,39.2,4.4,mb,61,90.2,,0.63,us,usp000gy2q,2014-11-07T01:39:08.554Z,"31 km SE of Hasaki, Japan",earthquake,,6,,24,reviewed,us,us
2009-06-10T15:54:55.960Z,44.978,148.151,93.9,4.9,mwc,212,81.3,,0.76,us,usp000gy20,2016-11-10T02:13:07.983Z,"35 km SE of Kuril’sk, Russia",earthquake,,,,,reviewed,us,gcmt
2009-06-10T04:07:02.580Z,34.456,136.626,351.5,5.1,mwr,68,91.8,,0.84,us,usp000gy1k,2014-11-07T01:39:08.337Z,"7 km WSW of Ise, Japan",earthquake,,3.5,,,reviewed,us,nied
2009-06-10T04:06:34.760Z,35.577,141.113,35,4.4,mb,35,126.6,,0.91,us,usp000gy1j,2014-11-07T01:39:08.333Z,"30 km SE of Hasaki, Japan",earthquake,,,,11,reviewed,us,us
2009-06-09T02:07:38.040Z,40.138,142.512,60,4.6,mwr,97,86.6,,0.74,us,usp000gy0b,2014-11-07T01:39:08.108Z,"73 km NE of Miyako, Japan",earthquake,,4.8,,,reviewed,us,nied
2009-06-06T19:38:26.920Z,36.622,141.592,35.1,4.3,mb,21,127.8,,1.03,us,usp000gxy2,2014-11-07T01:39:07.550Z,"77 km ESE of Kitaibaraki, Japan",earthquake,,10.6,,3,reviewed,us,us
2009-06-06T10:37:54.130Z,44.552,148.95,42.4,5,mwc,205,80.2,,0.72,us,usp000gxxa,2016-11-10T02:12:57.243Z,"113 km SE of Kuril’sk, Russia",earthquake,,,,,reviewed,us,gcmt
2009-06-06T05:52:43.300Z,35.483,140.914,34,5.8,mwc,345,15.4,,0.73,us,usp000gxx2,2022-07-15T11:26:17.342Z,"28 km SSE of Hasaki, Japan",earthquake,,,,,reviewed,us,gcmt
2009-06-06T03:49:23.190Z,35.546,141.182,29.9,4.4,mb,22,116.1,,0.75,us,usp000gxwy,2014-11-07T01:39:07.253Z,"37 km ESE of Hasaki, Japan",earthquake,,23.5,,2,reviewed,us,us
2009-06-05T03:36:53.750Z,43.629,140.988,211.9,4.5,mb,24,131,,0.52,us,usp000gxvu,2014-11-07T01:39:06.920Z,"48 km N of Otaru, Japan",earthquake,,7.6,,5,reviewed,us,us
2009-06-05T03:30:33.060Z,41.824,143.445,29,6.4,mwc,424,32.7,,0.71,us,usp000gxvt,2022-07-15T11:20:43.925Z,"105 km ESE of Shizunai-furukawach?, Japan",earthquake,,,,,reviewed,us,us
2009-06-02T12:34:40.900Z,36.883,141.749,35,4.1,mwr,37,120,,0.9,us,usp000gxt4,2014-11-07T01:39:05.835Z,"79 km ESE of Iwaki, Japan",earthquake,,,,,reviewed,us,nied
2009-06-02T10:20:14.430Z,44.917,142.062,251.2,4.3,mb,99,96.8,,0.81,us,usp000gxt2,2014-11-07T01:39:05.806Z,"53 km SSE of Makubetsu, Japan",earthquake,,5.4,,48,reviewed,us,us
2009-05-31T15:33:04.250Z,37.819,141.547,61.3,5,mb,129,116.5,,0.71,us,usp000gxr1,2014-11-07T01:39:02.409Z,"60 km NE of Namie, Japan",earthquake,,,,78,reviewed,us,us
2009-05-29T22:29:34.960Z,26.275,127.367,58.5,4.2,mwr,34,115.4,,0.91,us,usp000gxp0,2014-11-07T01:39:02.010Z,"32 km WNW of Naha, Japan",earthquake,,5.8,,,reviewed,us,nied
2009-05-29T16:54:00.540Z,37.76,143.193,35.4,4.3,mwr,54,120.7,,1.03,us,usp000gxnj,2014-11-07T01:39:01.891Z,"181 km ESE of Ishinomaki, Japan",earthquake,,8.2,,,reviewed,us,nied
2009-05-27T11:40:08.890Z,24.333,122.095,10,4.3,ml,7,252.9,,0.65,us,usp000gxk2,2014-11-07T01:39:01.380Z,"58 km SE of Yilan, Taiwan",earthquake,,0,,,reviewed,us,tap
2009-05-26T21:40:43.410Z,39.556,141.903,49.4,4.3,mb,22,154.6,,0.41,us,usp000gxje,2014-11-07T01:39:01.274Z,"10 km SSW of Miyako, Japan",earthquake,,5.5,,2,reviewed,us,us
2009-05-26T12:04:08.270Z,43.736,135.554,343.5,4.5,mb,168,58.8,,0.76,us,usp000gxj3,2014-11-07T01:39:01.227Z,"21 km E of Ol’ga, Russia",earthquake,,4.2,,90,reviewed,us,us
2009-05-26T10:31:21.420Z,42.023,142.213,66.4,4.9,mwc,177,98,,0.71,us,usp000gxhz,2022-07-15T10:45:02.542Z,"36 km SSW of Shizunai-furukawach?, Japan",earthquake,,4.1,,,reviewed,us,gcmt
2009-05-26T10:11:58.190Z,27.589,140.154,452.2,4.7,mwr,87,52.8,,0.9,us,usp000gxhy,2014-11-07T01:39:01.186Z,"Bonin Islands, Japan region",earthquake,,,,,reviewed,us,nied
2009-05-25T01:06:14.710Z,29.512,130.609,36.6,4.5,mb,40,128.1,,1.05,us,usp000gxgd,2014-11-07T01:39:00.919Z,"80 km S of Koshima, Japan",earthquake,,8.2,,8,reviewed,us,us
2009-05-24T10:03:11.310Z,40.272,143.903,15.8,4.1,mwr,25,135,,0.83,us,usp000gxfq,2014-11-07T01:39:00.785Z,"181 km ENE of Miyako, Japan",earthquake,,22,,,reviewed,us,nied
2009-05-23T15:38:32.080Z,29.609,141.4,35,4.3,mwr,40,109.4,,0.8,us,usp000gxeg,2014-11-07T01:39:00.521Z,"Izu Islands, Japan region",earthquake,,,,,reviewed,us,nied
2009-05-18T22:04:38.580Z,44.287,147.799,90.2,4.4,mb,40,123.3,,1.05,us,usp000gx9p,2014-11-07T01:38:58.916Z,"101 km ENE of Shikotan, Russia",earthquake,,7.3,,6,reviewed,us,us
2009-05-17T22:13:01.230Z,29.926,140.092,45.4,4.3,mb,42,110,,1.35,us,usp000gx8j,2014-11-07T01:38:58.219Z,"Izu Islands, Japan region",earthquake,,15.5,,17,reviewed,us,us
2009-05-16T18:54:53.100Z,30.364,138.493,438,4.3,mb,76,104.5,,0.67,us,usp000gx6y,2014-11-07T01:38:57.742Z,"Izu Islands, Japan region",earthquake,,5.3,,34,reviewed,us,us
2009-05-15T06:19:56.880Z,36.882,142.021,35.3,4.2,mb,20,156.2,,0.85,us,usp000gx4m,2014-11-07T01:38:57.300Z,"103 km E of Iwaki, Japan",earthquake,,8.9,,4,reviewed,us,us
2009-05-12T10:40:18.860Z,36.976,138.36,24.3,4.6,mwr,60,128.8,,0.93,us,usp000gx23,2021-10-20T17:52:43.089Z,"12 km ESE of Arai, Japan",earthquake,,7.3,,,reviewed,us,nied
2009-05-11T11:38:00.360Z,45.119,142.915,286.8,4,mb,7,230.3,,,us,usp000gx0u,2014-11-07T01:38:56.699Z,"90 km ESE of Makubetsu, Japan",earthquake,,,,2,reviewed,jma,us
2009-05-10T07:52:31.460Z,44.735,144.452,16,4.4,mb,40,67.4,,,us,usp000gwzs,2014-11-07T01:38:56.504Z,"80 km N of Abashiri, Japan",earthquake,,,,8,reviewed,jma,us
2009-05-10T04:28:33.130Z,36.769,142.88,4.3,4.3,mwr,70,112.5,,0.78,us,usp000gwzc,2014-11-07T01:38:56.453Z,"180 km E of Iwaki, Japan",earthquake,,15.2,,,reviewed,us,nied
2009-05-10T02:30:08.680Z,42.477,142.329,91,4.5,mb,134,71.7,,0.6,us,usp000gwz8,2014-11-07T01:38:56.432Z,"16 km N of Shizunai-furukawach?, Japan",earthquake,,3.6,,58,reviewed,us,us
2009-05-09T19:34:33.220Z,36.542,142.635,26.6,5.1,mwc,266,66.9,,0.91,us,usp000gwyy,2016-11-10T02:11:44.278Z,"166 km ESE of Iwaki, Japan",earthquake,,4.6,,,reviewed,us,gcmt
2009-05-09T01:38:48.640Z,27.215,129.817,28.1,4.4,mb,18,123,,1.2,us,usp000gwyc,2014-11-07T01:38:55.986Z,"131 km SSE of Naze, Japan",earthquake,,30.8,,4,reviewed,us,us
2009-05-07T05:28:46.780Z,27.414,142.886,43.3,4.1,mwr,73,56.6,,0.78,us,usp000gwwm,2014-11-07T01:38:55.602Z,"Bonin Islands, Japan region",earthquake,,,,,reviewed,us,nied
2009-05-06T07:17:21.810Z,27.097,129.962,10,4.6,mwr,64,112.8,,0.84,us,usp000gwvq,2014-11-07T01:38:55.463Z,"148 km SSE of Naze, Japan",earthquake,,,,,reviewed,us,nied
2009-05-06T02:18:02.000Z,24.089,126.887,42.6,3.9,mwr,19,142.2,,1.2,us,usp000gwvj,2014-11-07T01:38:55.419Z,"179 km ESE of Hirara, Japan",earthquake,,,,,reviewed,us,nied
2009-05-05T08:02:48.820Z,29.157,130.058,60.9,4.4,mb,39,118.1,,1,us,usp000gwv0,2014-11-07T01:38:55.282Z,"104 km NNE of Naze, Japan",earthquake,,6.9,,12,reviewed,us,us
2009-05-01T12:57:10.540Z,26.28,140.429,434.5,5.3,mwc,331,17.4,,0.8,us,usp000gwqw,2016-11-10T00:21:44.632Z,"Bonin Islands, Japan region",earthquake,,4.4,,,reviewed,us,gcmt
2009-05-01T10:54:34.210Z,26.576,124.649,41.4,4.6,mb,60,63.3,,0.8,us,usp000gwqs,2014-11-07T01:38:53.437Z,"206 km NNW of Hirara, Japan",earthquake,,5,,20,reviewed,us,us
2009-04-30T10:40:51.170Z,42.06,142.48,65.9,4.4,mb,8,117.5,,,us,usp000gwpx,2014-11-07T01:38:51.022Z,"31 km SSE of Shizunai-furukawach?, Japan",earthquake,,,,3,reviewed,jma,us
2009-04-28T23:00:06.990Z,41.816,144.307,39,4.3,mwr,56,134.7,,0.57,us,usp000gwnk,2014-11-07T01:38:50.657Z,"128 km S of Kushiro, Japan",earthquake,,5.9,,,reviewed,us,nied
2009-04-28T11:21:18.770Z,42.653,144.95,14.7,5.2,mwb,421,63.5,,0.65,us,usp000gwn9,2022-07-15T09:03:24.610Z,"59 km SE of Kushiro, Japan",earthquake,,5,,,reviewed,us,us
2009-04-27T21:37:36.880Z,36.364,140.954,52.8,5.2,mwc,192,115.2,,0.62,us,usp000gwmt,2022-07-15T09:01:46.594Z,"33 km E of ?arai, Japan",earthquake,,3.5,,,reviewed,us,gcmt
2009-04-27T15:09:26.920Z,37.573,142.93,29.5,4.5,mwr,37,128.7,,0.79,us,usp000gwmm,2014-11-07T01:38:50.136Z,"170 km E of Namie, Japan",earthquake,,,,,reviewed,us,nied
2009-04-26T03:56:42.710Z,35.889,143.121,34.4,4.4,mwr,110,113.3,,0.63,us,usp000gwkg,2014-11-07T01:38:49.962Z,"207 km E of Hasaki, Japan",earthquake,,,,,reviewed,us,nied
2009-04-25T13:54:31.590Z,40.244,142.245,56,4.8,mwr,180,131.9,,1.03,us,usp000gwju,2022-07-15T08:47:29.667Z,"69 km ESE of Hachinohe, Japan",earthquake,,,,,reviewed,us,nied
2009-04-23T16:09:56.660Z,27.133,129.838,40,4.5,mwr,45,120.2,,1.16,us,usp000gwh3,2014-11-07T01:38:49.518Z,"141 km SSE of Naze, Japan",earthquake,,0,,,reviewed,us,nied
2009-04-23T14:24:42.380Z,36.073,143.118,42.4,4.4,mwr,53,126.9,,1.17,us,usp000gwh0,2014-11-07T01:38:49.501Z,"209 km E of Hasaki, Japan",earthquake,,,,,reviewed,us,nied
2009-04-22T11:31:55.390Z,30.052,131.323,33.5,4.3,mb,4,262.3,,,us,usp000gwg5,2014-11-07T01:38:49.356Z,"74 km ESE of Koseda, Japan",earthquake,,,,3,reviewed,jma,us
2009-04-22T11:24:12.120Z,30.12,131.001,26.8,4.9,mwr,101,121.1,,0.74,us,usp000gwg4,2014-11-07T01:38:49.345Z,"Kyushu, Japan",earthquake,,,,,reviewed,us,nied
2009-04-21T09:57:50.540Z,37.365,141.399,43.2,5.3,mwc,274,55.5,,0.68,us,usp000gwet,2022-07-15T08:25:56.784Z,"near the east coast of Honshu, Japan",earthquake,,,,,reviewed,us,gcmt
2009-04-21T04:08:40.660Z,24.416,141.724,50.4,4.6,mb,49,117.2,,0.84,us,usp000gwee,2014-11-07T01:38:48.879Z,"Volcano Islands, Japan region",earthquake,,15.2,,22,reviewed,us,us
2009-04-21T01:16:47.090Z,44.516,148.065,64.6,5,mb,189,80.5,,0.72,us,usp000gwe4,2014-11-07T01:38:48.840Z,"80 km S of Kuril’sk, Russia",earthquake,,5,,88,reviewed,us,us
2009-04-20T22:54:27.360Z,35.796,140.658,63.2,4.7,mwr,109,118.8,,0.69,us,usp000gwdv,2014-11-07T01:38:48.760Z,"7 km SSE of Omigawa, Japan",earthquake,,6.3,,,reviewed,us,nied
2009-04-20T07:22:37.860Z,27.101,129.9,10,5.1,mwc,158,25.3,,0.97,us,usp000gwd1,2016-11-10T02:11:05.577Z,"146 km SSE of Naze, Japan",earthquake,,,,,reviewed,us,gcmt
2009-04-18T03:56:31.300Z,42.842,130.481,564.2,4.9,mb,337,43.6,,0.72,us,usp000gwag,2014-11-07T01:38:47.957Z,"10 km ESE of Hunchun, China",earthquake,,,,212,reviewed,us,us
2009-04-15T09:43:27.130Z,26.957,129.827,30,4.5,mwr,33,134.8,,1.22,us,usp000gw5y,2014-11-07T01:38:47.049Z,"159 km SSE of Naze, Japan",earthquake,,0,,,reviewed,us,nied
2009-04-15T08:34:42.930Z,41.734,144.314,26.6,4.3,mb,24,136.2,,,us,usp000gw5u,2014-11-07T01:38:47.040Z,"137 km S of Kushiro, Japan",earthquake,,,,4,reviewed,jma,us
2009-04-15T07:41:39.860Z,26.964,129.696,35,4.1,m,23,124.3,,1.35,us,usp000gw5s,2014-11-07T01:38:47.034Z,"156 km S of Naze, Japan",earthquake,,,,,reviewed,us,jma
2009-04-15T07:23:37.100Z,26.968,129.848,35,5.1,mwc,115,43.9,,0.87,us,usp000gw5q,2016-11-10T02:10:47.304Z,"159 km SSE of Naze, Japan",earthquake,,,,,reviewed,us,gcmt
2009-04-15T04:59:34.660Z,29.095,131.764,16.3,4.4,mwr,42,62.6,,0.97,us,usp000gw5g,2014-11-07T01:38:46.987Z,"173 km SE of Koshima, Japan",earthquake,,17.3,,,reviewed,us,nied
2009-04-14T23:54:49.460Z,27.066,129.823,35,4.8,mwr,99,99.3,,1,us,usp000gw58,2014-11-07T01:38:46.957Z,"147 km SSE of Naze, Japan",earthquake,,,,,reviewed,us,nied
2009-04-14T07:55:44.880Z,30.612,142.663,35,3.9,mwr,31,109.2,,0.84,us,usp000gw4a,2014-11-07T01:38:46.597Z,"Izu Islands, Japan region",earthquake,,,,,reviewed,us,nied
2009-04-13T16:58:51.610Z,35.593,140.768,32.2,4.4,mwr,43,110.8,,0.88,us,usp000gw3j,2014-11-07T01:38:46.295Z,"16 km SSW of Hasaki, Japan",earthquake,,12.9,,,reviewed,us,nied
2009-04-11T19:05:15.050Z,27.129,129.846,40,4.3,mb,37,120.2,,1.23,us,usp000gw1j,2014-11-07T01:38:45.994Z,"141 km SSE of Naze, Japan",earthquake,,0,,9,reviewed,us,us
2009-04-10T17:36:38.420Z,33.176,140.874,59.2,4.3,mb,34,104.7,,1.1,us,usp000gw08,2014-11-07T01:38:45.840Z,"220 km SSE of Tateyama, Japan",earthquake,,11,,8,reviewed,us,us
2009-04-10T14:55:54.120Z,45.447,151.866,16.9,4.7,mb,35,146,,1.06,us,usp000gw03,2014-11-07T01:38:45.818Z,"Kuril Islands",earthquake,,23.8,,8,reviewed,us,us
2009-04-09T14:32:57.320Z,24.39,141.152,93,4.5,mb,16,134.8,,0.84,us,usp000gvyq,2014-11-07T01:38:45.599Z,"Volcano Islands, Japan region",earthquake,,23.7,,7,reviewed,us,us
2009-04-09T13:12:09.020Z,35.479,143.083,37,4.3,mwr,32,117.8,,1.18,us,usp000gvyn,2014-11-07T01:38:45.589Z,"205 km E of Hasaki, Japan",earthquake,,,,,reviewed,us,nied
2009-04-08T04:28:51.270Z,36.17,141.82,24,4.3,mb,41,127.2,,0.72,us,usp000gvws,2014-11-07T01:38:45.205Z,"101 km ENE of Hasaki, Japan",earthquake,,16.4,,13,reviewed,us,us
2009-04-07T14:32:18.830Z,32.264,141.797,48.2,4,mwr,30,109.5,,0.83,us,usp000gvvn,2014-11-07T01:38:44.920Z,"Izu Islands, Japan region",earthquake,,,,,reviewed,us,nied
2009-04-06T21:28:21.620Z,33.884,136.461,375.2,4.1,mb,48,135.2,,0.76,us,usp000gvuu,2014-11-07T01:38:44.721Z,"31 km SE of Owase, Japan",earthquake,,5.5,,21,reviewed,us,us
2009-04-06T05:09:34.140Z,42.934,131.669,522,4.5,mb,67,47.3,,0.79,us,usp000gvu3,2014-11-07T01:38:44.563Z,"5 km WSW of Popova, Russia",earthquake,,7.3,,43,reviewed,us,us
2009-04-06T02:31:19.930Z,39.194,142.388,33.4,4.5,mb,6,221.1,,,us,usp000gvtx,2014-11-07T01:38:44.513Z,"45 km ESE of Kamaishi, Japan",earthquake,,,,2,reviewed,jma,us
2009-04-05T23:49:56.020Z,29.722,140.246,17.3,4.5,mwr,39,77.4,,0.65,us,usp000gvtn,2014-11-07T01:38:44.431Z,"Izu Islands, Japan region",earthquake,,14.2,,,reviewed,us,nied
2009-04-05T09:53:16.020Z,31.954,131.748,10,4.2,mb,23,129,,1.41,us,usp000gvsr,2014-11-07T01:38:44.199Z,"30 km SE of Takanabe, Japan",earthquake,,,,1,reviewed,us,us
2009-04-05T09:36:26.240Z,32.007,131.417,26,5.8,mwc,266,34.9,,0.94,us,usp000gvsp,2022-07-15T07:06:02.647Z,"10 km N of Miyazaki, Japan",earthquake,,,,,reviewed,us,us
2009-04-05T08:00:26.100Z,42.365,142.843,65.1,4.9,mwc,153,88.6,,0.71,us,usp000gvsk,2016-11-10T02:10:27.656Z,"39 km E of Shizunai-furukawach?, Japan",earthquake,,3.6,,,reviewed,us,gcmt
2009-04-05T01:29:16.780Z,40.261,144.467,34.1,4.4,mb,28,135.3,,0.95,us,usp000gvsa,2014-11-07T01:38:44.020Z,"226 km ENE of Miyako, Japan",earthquake,,,,7,reviewed,us,us
2009-04-02T20:40:15.570Z,26.179,128.189,31.9,4.5,mwr,50,142.5,,1.02,us,usp000gvpk,2014-11-07T01:38:42.608Z,"35 km ESE of Katsuren-haebaru, Japan",earthquake,,,,,reviewed,us,nied
2009-04-02T19:11:34.680Z,35.584,143.117,21.2,4.1,mwr,33,78.6,,0.5,us,usp000gvpf,2014-11-07T01:38:42.582Z,"207 km E of Hasaki, Japan",earthquake,,14.7,,,reviewed,us,nied
2009-04-02T08:39:33.400Z,24.789,125.697,41.9,4.8,mwr,90,69.9,,0.92,us,usp000gvp1,2022-07-15T06:50:02.825Z,"39 km E of Hirara, Japan",earthquake,,4,,,reviewed,us,nied
2009-04-01T01:50:44.090Z,35.502,143.078,28.7,4,mwr,40,136.4,,0.81,us,usp000gvmq,2014-11-07T01:38:41.146Z,"204 km E of Hasaki, Japan",earthquake,,21.8,,,reviewed,us,nied
2009-03-30T21:59:53.040Z,31.16,130.402,156.7,4.4,mb,51,121.1,,0.68,us,usp000gvka,2014-11-07T01:38:39.289Z,"14 km SE of Makurazaki, Japan",earthquake,,4.8,,15,reviewed,us,us
2009-03-30T08:34:36.510Z,29.255,130.381,30.8,4.7,mwr,42,84.8,,0.89,us,usp000gvjd,2014-11-07T01:38:38.722Z,"109 km S of Yudomari, Japan",earthquake,,,,,reviewed,us,nied
2009-03-28T14:01:34.830Z,29.212,130.372,55.1,4.5,mwr,32,178.9,,1.12,us,usp000gvgx,2014-11-07T01:38:38.402Z,"113 km S of Yudomari, Japan",earthquake,,8.6,,,reviewed,us,nied
2009-03-27T16:23:16.980Z,36.657,139.369,135.5,4.1,mwr,22,158.1,,1.27,us,usp000gvfv,2014-11-07T01:38:38.229Z,"24 km WSW of Nikk?, Japan",earthquake,,8.7,,,reviewed,us,nied
2009-03-27T09:48:55.890Z,35.613,143.098,25.6,4.2,mwr,32,69.7,,0.99,us,usp000gvfk,2014-11-07T01:38:38.202Z,"205 km E of Hasaki, Japan",earthquake,,,,,reviewed,us,nied
2009-03-26T19:19:59.560Z,27.415,126.702,159.5,5.9,mwb,345,17.6,,0.91,us,usp000gvex,2022-07-15T06:30:59.896Z,"155 km NW of Nago, Japan",earthquake,,,,,reviewed,us,us
2009-03-25T13:13:52.440Z,30.076,139.055,391.4,4.7,mwr,87,54.7,,0.83,us,usp000gvdj,2014-11-07T01:38:37.769Z,"Izu Islands, Japan region",earthquake,,,,,reviewed,us,nied
2009-03-25T06:26:06.220Z,36.032,140.764,10,4.3,mb,13,223.1,,0.57,us,usp000gvd8,2014-11-07T01:38:37.730Z,"13 km NE of Kashima-shi, Japan",earthquake,,,,4,reviewed,us,us
2009-03-25T04:14:48.140Z,36.652,123.305,10,4.2,mb,25,104.9,,0.75,us,usp000gvd3,2014-11-07T01:38:37.718Z,"95 km SE of Yatou, China",earthquake,,,,9,reviewed,us,us
2009-03-25T01:23:15.670Z,38.283,141.876,55.7,4.3,mb,39,129.7,,0.51,us,usp000gvcu,2014-11-07T01:38:37.625Z,"52 km ESE of Ishinomaki, Japan",earthquake,,6.2,,11,reviewed,us,us
2009-03-24T17:28:37.710Z,25.515,141.014,169.5,4.7,mb,144,50.9,,1.21,us,usp000gvcm,2014-11-07T01:38:37.450Z,"Volcano Islands, Japan region",earthquake,,,,90,reviewed,us,us
2009-03-23T19:53:39.420Z,37.145,142.013,31.7,4.2,mb,15,125.7,,1.25,us,usp000gvbv,2014-11-07T01:38:37.151Z,"97 km ESE of Namie, Japan",earthquake,,28.3,,1,reviewed,us,us
2009-03-23T15:23:29.760Z,27.496,140.488,23.9,4.6,mwr,93,50.8,,1.01,us,usp000gvbr,2014-11-07T01:38:37.136Z,"Bonin Islands, Japan region",earthquake,,,,,reviewed,us,nied
2009-03-23T15:08:02.720Z,27.442,139.793,10,4.1,mwr,27,114.4,,0.89,us,usp000gvbq,2014-11-07T01:38:37.133Z,"Bonin Islands, Japan region",earthquake,,0,,,reviewed,us,nied
2009-03-23T12:30:50.990Z,27.477,140.551,21.2,4.3,mwr,55,77.9,,0.96,us,usp000gvbk,2014-11-07T01:38:37.102Z,"Bonin Islands, Japan region",earthquake,,,,,reviewed,us,nied
2009-03-23T11:14:13.710Z,27.518,140.523,23.4,4.4,mwr,66,64,,0.89,us,usp000gvbh,2014-11-07T01:38:37.093Z,"Bonin Islands, Japan region",earthquake,,,,,reviewed,us,nied
2009-03-23T08:51:00.490Z,27.524,140.618,22.7,4,mwr,21,106,,0.75,us,usp000gvbc,2014-11-07T01:38:37.081Z,"Bonin Islands, Japan region",earthquake,,,,,reviewed,us,nied
2009-03-22T14:45:47.000Z,26.063,128.488,17.3,5.1,mwc,81,111.5,,0.93,us,usp000gvad,2022-07-15T06:21:17.920Z,"68 km ESE of Katsuren-haebaru, Japan",earthquake,,7.8,,,reviewed,us,gcmt
2009-03-21T19:58:17.250Z,26.023,128.406,10.9,4.5,mwr,68,130.7,,1.02,us,usp000gv8z,2022-07-15T06:15:05.490Z,"Ryukyu Islands, Japan",earthquake,,8.8,,,reviewed,us,nied
2009-03-21T02:00:19.570Z,31.583,142.564,35,4.3,mb,21,155.2,,0.86,us,usp000gv82,2014-11-07T01:38:36.671Z,"Izu Islands, Japan region",earthquake,,,,2,reviewed,us,us
2009-03-21T00:51:20.290Z,31.428,142.197,35,4.1,mb,17,147.8,,0.79,us,usp000gv7y,2014-11-07T01:38:36.656Z,"Izu Islands, Japan region",earthquake,,,,3,reviewed,us,us
2009-03-20T06:52:16.840Z,42.643,144.382,65,5,mwr,300,95.8,,0.63,us,usp000gv6v,2014-11-07T01:38:36.452Z,"36 km S of Kushiro, Japan",earthquake,,3.5,,,reviewed,us,nied
2009-03-20T06:48:57.560Z,43.477,125.238,10,4.2,mb,14,121,,1.22,us,usp000gv6u,2014-11-07T01:38:36.449Z,"33 km E of Gongzhuling, China",earthquake,,,,3,reviewed,us,us
2009-03-19T10:40:12.780Z,32.039,129.368,33.9,4.3,mb,28,63.3,,0.92,us,usp000gv57,2014-11-07T01:38:36.231Z,"64 km WSW of Ushibukamachi, Japan",earthquake,,17.8,,6,reviewed,us,us
2009-03-18T00:30:35.650Z,36.75,141.954,38.1,4.3,mb,31,135.1,,0.81,us,usp000gv3j,2014-11-07T01:38:35.890Z,"101 km ESE of Iwaki, Japan",earthquake,,9.1,,3,reviewed,us,us
2009-03-17T00:40:05.270Z,38.005,142.566,32.7,4.4,mwr,88,74.4,,0.68,us,usp000gv25,2014-11-07T01:38:35.680Z,"119 km ESE of Ishinomaki, Japan",earthquake,,,,,reviewed,us,nied
2009-03-16T19:53:00.160Z,24.866,142.648,47.2,4.5,mwr,81,47.2,,0.97,us,usp000gv1w,2014-11-07T01:38:35.622Z,"Volcano Islands, Japan region",earthquake,,9,,,reviewed,us,nied
2009-03-16T00:51:42.300Z,24.79,122.3,10.5,4.5,mb,41,81.8,,,us,usp000gv0z,2014-11-07T01:38:35.313Z,"55 km E of Yilan, Taiwan",earthquake,,,,7,reviewed,tap,us
2009-03-15T23:20:23.740Z,24.795,122.272,23,4.8,mb,33,81.7,,0.9,us,usp000gv0y,2014-11-07T01:38:35.310Z,"52 km E of Yilan, Taiwan",earthquake,,8.6,,8,reviewed,us,us
2009-03-15T05:02:07.300Z,27.588,139.639,505.8,4.3,mb,37,127.7,,0.83,us,usp000gv07,2014-11-07T01:38:35.109Z,"Bonin Islands, Japan region",earthquake,,10.6,,23,reviewed,us,us
2009-03-13T14:05:13.440Z,26.426,141.332,31,4.5,m,8,161.8,,,us,usp000guyn,2014-11-07T01:38:34.800Z,"Bonin Islands, Japan region",earthquake,,,,,reviewed,jma,jma
2009-03-13T12:21:53.560Z,35.156,139.898,93.4,3.9,mwr,11,160.5,,0.73,us,usp000guyk,2022-07-15T05:52:57.634Z,"18 km SSE of Futtsu, Japan",earthquake,,13.9,,,reviewed,us,nied
2009-03-13T09:07:02.340Z,43.266,134.048,428.8,5.2,mwc,285,51,,0.64,us,usp000guyc,2016-11-10T00:21:42.104Z,"17 km SE of Lazo, Russia",earthquake,,,,,reviewed,us,gcmt
2009-03-12T10:43:46.380Z,24.032,122.564,10,4.6,mb,46,89.8,,1.06,us,usp000guxa,2014-11-07T01:38:34.540Z,"65 km SW of Yonakuni, Japan",earthquake,,,,8,reviewed,us,us
2009-03-11T00:23:59.640Z,24.035,122.715,31.7,4.6,mb,41,81.6,,1.05,us,usp000guud,2014-11-07T01:38:33.760Z,"55 km SSW of Yonakuni, Japan",earthquake,,16.9,,8,reviewed,us,us
2009-03-10T23:01:51.750Z,25.568,143.977,35,4.3,mb,22,139.9,,1,us,usp000guua,2014-11-07T01:38:33.752Z,"Volcano Islands, Japan region",earthquake,,,,6,reviewed,us,us
2009-03-10T07:45:37.280Z,44.7,146.307,159.6,4.8,mb,197,80.6,,0.88,us,usp000gutk,2014-11-07T01:38:33.635Z,"78 km NNE of Otrada, Russia",earthquake,,4.5,,113,reviewed,us,us
2009-03-10T01:41:05.450Z,42.408,143.066,59.3,4.2,mwr,66,114.9,,0.57,us,usp000gut9,2014-11-07T01:38:33.578Z,"57 km SSW of Obihiro, Japan",earthquake,,3.6,,,reviewed,us,nied
2009-03-09T00:06:35.110Z,32.097,138.421,374.7,3.9,mb,22,187.1,,1.04,us,usp000gus1,2014-11-07T01:38:33.387Z,"278 km S of ?yama, Japan",earthquake,,10.7,,11,reviewed,us,us
2009-03-08T05:45:56.490Z,28.2,130.2,9.8,4.4,m,20,140.1,,0.74,us,usp000gura,2014-11-07T01:38:33.276Z,"72 km ESE of Naze, Japan",earthquake,,22.4,,,reviewed,us,jma
2009-03-07T14:33:04.910Z,41.796,143.693,32.7,5.3,mwb,203,57.9,,0.71,us,usp000guqy,2022-05-02T22:29:47.004Z,"124 km ESE of Shizunai-furukawach?, Japan",earthquake,,,,,reviewed,us,us
2009-03-07T11:53:35.580Z,26.762,126.724,127.7,4.2,mb,47,78.7,,0.84,us,usp000guqv,2014-11-07T01:38:33.166Z,"Ryukyu Islands, Japan",earthquake,,,,8,reviewed,us,us
2009-03-05T10:37:51.470Z,45.267,150.809,58.7,4.7,mb,60,100.2,,0.7,us,usp000gun7,2014-11-07T01:38:32.452Z,"230 km E of Kuril’sk, Russia",earthquake,,5.3,,13,reviewed,us,us
2009-03-05T04:21:32.920Z,24.238,125.211,40.2,4.4,mb,48,106.9,,1.04,us,usp000gumv,2014-11-07T01:38:32.349Z,"63 km S of Hirara, Japan",earthquake,,6.8,,8,reviewed,us,us
2009-03-04T22:36:37.390Z,24.318,125.323,35,4.4,mb,26,128.6,,1.12,us,usp000gumk,2014-11-07T01:38:32.289Z,"53 km S of Hirara, Japan",earthquake,,,,16,reviewed,us,us
2009-03-04T21:23:30.140Z,26.854,142.845,35,4.6,mb,44,76.3,,0.63,us,usp000gumg,2014-11-07T01:38:32.250Z,"Bonin Islands, Japan region",earthquake,,,,18,reviewed,us,us
2009-03-04T21:15:14.240Z,26.877,142.581,45.6,4.9,mwr,88,49.3,,1,us,usp000gumf,2014-11-07T01:38:32.232Z,"Bonin Islands, Japan region",earthquake,,7.9,,,reviewed,us,nied
2009-03-04T10:04:31.300Z,35.811,140.9,35,4.5,mwr,67,119.8,,0.85,us,usp000gum2,2014-11-07T01:38:32.048Z,"10 km NE of Hasaki, Japan",earthquake,,,,,reviewed,us,nied
2009-03-03T12:14:34.120Z,26.894,142.635,38.3,4.4,mwr,76,50,,0.85,us,usp000guk9,2014-11-07T01:38:31.786Z,"Bonin Islands, Japan region",earthquake,,,,,reviewed,us,nied
2009-03-01T13:56:28.440Z,38.676,143.269,38.7,4.2,mwr,55,128,,0.72,us,usp000guh8,2014-11-07T01:38:30.765Z,"138 km ESE of Kamaishi, Japan",earthquake,,5.8,,,reviewed,us,nied
2009-03-01T02:21:37.100Z,33.949,139.881,116,4.1,mwr,58,130.8,,0.67,us,usp000gugr,2014-11-07T01:38:30.249Z,"114 km S of Tateyama, Japan",earthquake,,4.6,,,reviewed,us,nied
2009-02-28T00:35:56.700Z,42.61,142.104,105,5.5,mwb,392,33.8,,0.69,us,usp000gufa,2022-07-15T04:57:30.654Z,"37 km NW of Shizunai-furukawach?, Japan",earthquake,,,,,reviewed,us,us
2009-02-26T11:44:05.080Z,41.638,144.727,38.3,4.4,mb,26,136.5,,,us,usp000gudp,2014-11-07T01:38:27.202Z,"151 km S of Kushiro, Japan",earthquake,,,,3,reviewed,jma,us
2009-02-25T05:12:02.460Z,32.956,142.641,10,3.9,mwr,24,127.9,,1.15,us,usp000guct,2014-11-07T01:38:27.085Z,"Izu Islands, Japan region",earthquake,,,,,reviewed,us,nied
2009-02-22T14:24:11.660Z,41.749,144.02,33.4,5.4,mwb,246,98.8,,0.75,us,usp000gu9v,2016-11-10T02:08:26.464Z,"139 km SSW of Kushiro, Japan",earthquake,,8.7,,,reviewed,us,us
2009-02-22T13:50:13.770Z,24.333,127.098,15.2,5,mwc,106,73.6,,0.83,us,usp000gu9t,2016-11-10T02:08:25.782Z,"189 km ESE of Hirara, Japan",earthquake,,11.1,,,reviewed,us,gcmt
2009-02-21T12:43:37.560Z,31.54,137.905,393,4.3,mwr,65,112.4,,0.71,us,usp000gu8h,2014-11-07T01:38:25.631Z,"Izu Islands, Japan region",earthquake,,5.8,,,reviewed,us,nied
2009-02-21T04:30:37.020Z,41.176,142.039,72.1,4.1,mb,12,201.7,,0.73,us,usp000gu85,2014-11-07T01:38:25.598Z,"70 km E of Mutsu, Japan",earthquake,,13.2,,5,reviewed,us,us
2009-02-21T00:12:56.040Z,28.875,130.864,24.1,5.5,mwc,277,25.4,,0.72,us,usp000gu7z,2022-05-02T21:29:54.624Z,"146 km ENE of Naze, Japan",earthquake,,6.3,,,reviewed,us,us
2009-02-20T09:17:20.180Z,35.905,140.18,69.7,4.1,mwr,39,101.2,,0.88,us,usp000gu7c,2014-11-07T01:38:25.466Z,"0 km NNW of Ry?gasaki, Japan",earthquake,,6.5,,,reviewed,us,nied
2009-02-19T19:00:42.540Z,40.421,143.718,9.8,4.8,mwr,96,79.9,,0.64,us,usp000gu6m,2014-11-07T01:38:25.336Z,"174 km ENE of Miyako, Japan",earthquake,,9.8,,,reviewed,us,nied
2009-02-18T02:05:20.870Z,25.546,142.518,49.2,4.5,mwr,44,115,,0.71,us,usp000gu4k,2014-11-07T01:38:24.996Z,"Volcano Islands, Japan region",earthquake,,10.1,,,reviewed,us,nied
2009-02-17T21:47:09.250Z,35.604,136.265,18.2,4.9,mwc,112,116.4,,0.85,us,usp000gu47,2022-07-15T04:28:36.780Z,"19 km ESE of Tsuruga, Japan",earthquake,,11.6,,,reviewed,us,gcmt
2009-02-17T00:12:57.780Z,37.525,141.248,53.7,4.9,mwc,177,67.1,,0.67,us,usp000gu36,2022-07-15T01:50:52.318Z,"22 km ENE of Namie, Japan",earthquake,,3.4,,,reviewed,us,gcmt
2009-02-16T19:54:25.900Z,35.141,140.003,17.6,4.5,mwr,96,94.9,,0.65,us,usp000gu2v,2014-11-07T01:38:24.655Z,"10 km WNW of Kamogawa, Japan",earthquake,,12,,,reviewed,us,nied
2009-02-15T12:54:13.120Z,37.702,142.139,33,3.9,mwr,32,135.8,,,us,usp000gu17,2014-11-07T01:38:24.418Z,"103 km ENE of Namie, Japan",earthquake,,,,,reviewed,jma,nied
2009-02-15T09:24:31.700Z,40.239,142.236,33,5.7,mwc,430,34,,0.71,us,usp000gu0x,2022-07-15T02:21:02.929Z,"68 km ESE of Hachinohe, Japan",earthquake,,,,,reviewed,us,us
2009-02-14T17:11:17.540Z,36.277,142.587,35,4.4,mb,35,128.8,,1.41,us,usp000gtys,2014-11-07T01:38:24.009Z,"169 km ENE of Hasaki, Japan",earthquake,,0,,9,reviewed,us,us
2009-02-12T12:29:47.780Z,30.784,142.092,10,4.4,mwr,37,125.9,,0.78,us,usp000gttd,2014-11-07T01:38:22.689Z,"Izu Islands, Japan region",earthquake,,,,,reviewed,us,nied
2009-02-11T23:48:11.720Z,44.079,147.785,45,4.9,mb,120,36.9,,0.92,us,usp000gtr6,2014-11-07T01:38:22.267Z,"90 km ENE of Shikotan, Russia",earthquake,,5.6,,60,reviewed,us,us
2009-02-11T10:07:18.580Z,37.211,141.121,50.1,4.1,mb,28,135.4,,0.81,us,usp000gtn4,2014-11-07T01:38:21.686Z,"27 km NE of Iwaki, Japan",earthquake,,,,5,reviewed,us,us
2009-02-11T09:44:26.600Z,32.705,138.19,306,4.3,mb,42,96.6,,0.76,us,usp000gtn3,2014-11-07T01:38:21.682Z,"210 km S of ?yama, Japan",earthquake,,4.9,,7,reviewed,us,us
2009-02-11T05:52:29.880Z,45.463,150.117,109.7,4.8,mb,93,100.2,,0.84,us,usp000gtmw,2014-11-07T01:38:21.636Z,"Kuril Islands",earthquake,,6.2,,51,reviewed,us,us
2009-02-08T21:09:22.760Z,29.167,141.027,17.3,3.8,mb,17,101,,0.76,us,usp000gtjp,2014-11-07T01:38:21.231Z,"Izu Islands, Japan region",earthquake,,22.6,,3,reviewed,us,us
2009-02-08T00:26:35.310Z,27.183,126.858,25.4,4.7,mwr,25,62.7,,1.02,us,usp000gthp,2014-11-07T01:38:20.965Z,"127 km NW of Ishikawa, Japan",earthquake,,15.7,,,reviewed,us,nied
2009-02-07T03:03:41.410Z,44.2,147.58,62.1,4.5,mb,74,97.1,,0.64,us,usp000gth0,2014-11-07T01:38:20.767Z,"81 km ENE of Shikotan, Russia",earthquake,,4.4,,30,reviewed,us,us
2009-02-02T20:07:10.930Z,32.142,137.675,378,4.6,mwr,93,114.2,,0.7,us,usp000gtda,2014-11-07T01:38:19.576Z,"237 km SE of Shing?, Japan",earthquake,,5.1,,,reviewed,us,nied
2009-02-02T03:02:45.770Z,40.318,143.877,16.4,4.3,mwr,40,135,,0.7,us,usp000gtck,2014-11-07T01:38:19.224Z,"181 km ENE of Miyako, Japan",earthquake,,14.7,,,reviewed,us,nied
2009-02-01T10:23:55.470Z,37.869,142.591,48.1,4.1,mb,20,136,,0.96,us,usp000gtbr,2014-11-07T01:38:18.842Z,"128 km ESE of Ishinomaki, Japan",earthquake,,11.3,,2,reviewed,us,us
2009-02-01T10:19:16.640Z,42.276,144.547,41.5,4,mwr,34,134.6,,0.85,us,usp000gtbq,2014-11-07T01:38:18.824Z,"78 km S of Kushiro, Japan",earthquake,,6.9,,,reviewed,us,nied
2009-02-01T09:32:48.680Z,37.884,142.403,37.9,5.1,mwc,264,64.5,,0.71,us,usp000gtbp,2022-07-15T02:49:21.807Z,"113 km ESE of Ishinomaki, Japan",earthquake,,3.9,,,reviewed,us,gcmt
2009-02-01T07:08:59.800Z,27.124,128.411,63.5,4.1,mb,27,133.3,,0.7,us,usp000gtbk,2014-11-07T01:38:18.588Z,"70 km NE of Nago, Japan",earthquake,,5.5,,4,reviewed,us,us
2009-01-31T21:51:52.180Z,36.719,141.148,34,5.7,mwb,352,31.6,,0.78,us,usp000gtaz,2022-07-15T02:51:33.462Z,"36 km ESE of Kitaibaraki, Japan",earthquake,,,,,reviewed,us,us
2009-01-30T21:03:57.710Z,35.569,140.306,59.7,3.9,mwr,34,124,,0.63,us,usp000gt9h,2014-11-07T01:38:16.352Z,"5 km N of ?ami, Japan",earthquake,,5,,,reviewed,us,nied
2009-01-30T19:07:24.850Z,42.383,143.641,57.5,4.4,mb,40,134.2,,0.81,us,usp000gt9d,2014-11-07T01:38:16.343Z,"69 km SSE of Obihiro, Japan",earthquake,,,,10,reviewed,us,us
2009-01-29T00:05:49.050Z,35.564,140.641,47.5,4.2,mwr,39,118.2,,0.89,us,usp000gt7g,2014-11-07T01:38:16.071Z,"16 km S of Asahi, Japan",earthquake,,7.6,,,reviewed,us,nied
2009-01-28T23:56:05.720Z,35.485,140.539,42.8,4.7,mwr,76,108.9,,0.72,us,usp000gt7e,2022-07-15T02:56:46.374Z,"16 km SE of Narut?, Japan",earthquake,,5.7,,,reviewed,us,nied
2009-01-26T08:54:22.070Z,36.493,139.47,140.9,4.4,mwr,75,123.2,,1.1,us,usp000gt49,2022-07-15T03:03:45.920Z,"16 km NE of Kiry?, Japan",earthquake,,4.5,,,reviewed,us,nied
2009-01-25T17:07:56.550Z,34.547,141.681,39,3.9,mwr,41,113.3,,0.84,us,usp000gt3c,2014-11-07T01:38:15.159Z,"141 km SE of ?hara, Japan",earthquake,,8,,,reviewed,us,nied
2009-01-25T10:45:39.910Z,40.441,144.937,35,4.1,mwr,69,135.5,,0.84,us,usp000gt32,2014-11-07T01:38:15.068Z,"270 km ENE of Miyako, Japan",earthquake,,,,,reviewed,us,nied
2009-01-24T23:30:21.600Z,29.228,130.418,43.5,4.3,mb,43,128,,0.87,us,usp000gt2q,2014-11-07T01:38:14.959Z,"111 km S of Yudomari, Japan",earthquake,,6.5,,9,reviewed,us,us
2009-01-24T17:33:38.640Z,33.524,131.686,81.7,4.7,mwr,106,104.4,,0.76,us,usp000gt25,2022-07-15T03:05:47.435Z,"13 km NNE of Kitsuki, Japan",earthquake,,,,,reviewed,us,nied
2009-01-24T13:48:12.760Z,24.856,122.031,4.4,4.6,mb,25,95,,0.93,us,usp000gt1z,2014-11-07T01:38:14.789Z,"Taiwan region",earthquake,,9.4,,5,reviewed,us,us
2009-01-24T12:44:22.050Z,44.674,147.729,82.8,4,mb,28,135,,1.1,us,usp000gt1v,2014-11-07T01:38:14.774Z,"62 km S of Kuril’sk, Russia",earthquake,,,,2,reviewed,us,us
2009-01-24T09:32:06.960Z,38.231,140.553,138.2,3.9,mwr,33,129.9,,,us,usp000gt1n,2014-11-07T01:38:14.750Z,"16 km E of Yamagata, Japan",earthquake,,,,,reviewed,jma,nied
2009-01-24T02:38:57.450Z,24.808,125.691,38.3,4.8,mwr,138,40.4,,0.98,us,usp000gt10,2022-07-15T03:09:55.186Z,"39 km E of Hirara, Japan",earthquake,,4.7,,,reviewed,us,nied
2009-01-22T19:09:01.210Z,44.628,148.346,53.6,4.8,mb,72,89.9,,0.99,us,usp000gszn,2014-11-07T01:38:14.410Z,"76 km SSE of Kuril’sk, Russia",earthquake,,,,21,reviewed,us,us
2009-01-22T15:24:36.060Z,30.125,131.146,25.7,4.5,mwr,59,128.6,,0.99,us,usp000gszj,2014-11-07T01:38:14.401Z,"55 km ESE of Koseda, Japan",earthquake,,14.1,,,reviewed,us,nied
2009-01-22T12:20:59.550Z,34.197,139.241,124,4.8,mwr,164,53.3,,0.82,us,usp000gsza,2022-07-15T03:13:56.225Z,"59 km SSE of Shimoda, Japan",earthquake,,4.9,,,reviewed,us,nied
2009-01-22T00:09:34.400Z,40.926,139.88,162.4,4.7,mwr,240,76.5,,0.68,us,usp000gsyj,2014-11-07T01:38:14.146Z,"43 km WNW of Shimokizukuri, Japan",earthquake,,3.3,,,reviewed,us,nied
2009-01-21T07:09:30.050Z,37.766,142.054,48.3,4,mwr,33,129.1,,0.61,us,usp000gsxs,2014-11-07T01:38:14.048Z,"97 km SE of Ishinomaki, Japan",earthquake,,7.2,,,reviewed,us,nied
2009-01-20T23:23:43.470Z,26.548,144.12,10,4.3,mb,19,163.9,,0.61,us,usp000gsx8,2014-11-07T01:38:13.982Z,"Bonin Islands, Japan region",earthquake,,,,10,reviewed,us,us
2009-01-20T05:03:39.300Z,24.422,126.475,35,4,mb,15,135.8,,0.94,us,usp000gsvr,2014-11-07T01:38:13.839Z,"126 km ESE of Hirara, Japan",earthquake,,,,3,reviewed,us,us
2009-01-20T01:23:01.510Z,32.1,137.915,356.9,4.4,mb,54,92.2,,0.74,us,usp000gsv8,2014-11-07T01:38:13.799Z,"255 km SE of Shing?, Japan",earthquake,,5,,23,reviewed,us,us
2009-01-19T19:04:28.630Z,34.618,141.704,30.9,4.1,mwr,50,113.5,,0.88,us,usp000gsuv,2014-11-07T01:38:13.703Z,"138 km ESE of ?hara, Japan",earthquake,,16.9,,,reviewed,us,nied
2009-01-19T17:07:49.490Z,24.225,125.19,46.2,4.4,mwr,40,121.3,,0.88,us,usp000gsur,2014-11-07T01:38:13.687Z,"65 km S of Hirara, Japan",earthquake,,12.3,,,reviewed,us,nied
2009-01-19T11:13:59.740Z,34.613,141.634,40.4,5.1,mwc,116,49.9,,0.71,us,usp000gsuf,2016-11-10T02:06:53.243Z,"133 km ESE of ?hara, Japan",earthquake,,5.8,,,reviewed,us,gcmt
2009-01-18T04:04:41.070Z,43.989,149.399,35,4.4,mb,23,136.1,,0.97,us,usp000gss9,2014-11-07T01:38:13.293Z,"183 km SE of Kuril’sk, Russia",earthquake,,,,5,reviewed,us,us
2009-01-18T02:38:32.490Z,44.038,149.415,32.9,4.3,mb,23,136.1,,0.68,us,usp000gss5,2014-11-07T01:38:13.283Z,"179 km SE of Kuril’sk, Russia",earthquake,,17.9,,2,reviewed,us,us
2009-01-17T14:36:22.260Z,24.834,141.507,142.5,4.1,mwr,37,79.9,,1.07,us,usp000gsrg,2014-11-07T01:38:13.149Z,"Volcano Islands, Japan region",earthquake,,,,,reviewed,us,nied
2009-01-17T08:38:18.700Z,44.032,150.648,21.7,5.4,mwc,327,81.3,,0.76,us,usp000gsr3,2016-11-10T02:06:45.629Z,"256 km ESE of Kuril’sk, Russia",earthquake,,7.9,,,reviewed,us,gcmt
2009-01-16T12:07:34.480Z,43.81,147.701,51.1,4.7,mb,57,96.5,,0.72,us,usp000gsph,2014-11-07T01:38:12.665Z,"78 km E of Shikotan, Russia",earthquake,,6,,18,reviewed,us,us
2009-01-16T06:46:34.200Z,44.466,149.05,44.7,4.5,mb,36,133.2,,0.87,us,usp000gsp4,2014-11-07T01:38:12.598Z,"125 km SE of Kuril’sk, Russia",earthquake,,7.1,,6,reviewed,us,us
2009-01-15T10:34:14.790Z,31.378,141.771,10,4.4,mb,19,122.4,,1.06,us,usp000gsmk,2014-11-07T01:38:12.120Z,"Izu Islands, Japan region",earthquake,,,,5,reviewed,us,us
2009-01-15T10:03:54.380Z,31.428,141.709,10,4.8,mb,44,106.5,,0.89,us,usp000gsmf,2014-11-07T01:38:12.110Z,"Izu Islands, Japan region",earthquake,,,,13,reviewed,us,us
2009-01-15T09:34:38.670Z,31.411,141.714,10,4.7,mwr,107,73.1,,0.8,us,usp000gsmd,2014-11-07T01:38:12.099Z,"Izu Islands, Japan region",earthquake,,,,,reviewed,us,nied
2009-01-12T08:48:18.810Z,27.408,141.394,35,4.2,mb,29,116.6,,1.06,us,usp000gsgz,2014-11-07T01:38:11.606Z,"Bonin Islands, Japan region",earthquake,,,,3,reviewed,us,us
2009-01-12T03:05:31.490Z,44.287,145.603,150.8,4.2,mwr,53,115.5,,0.76,us,usp000gsgu,2014-11-07T01:38:11.592Z,"32 km NW of Otrada, Russia",earthquake,,5.1,,,reviewed,us,nied
2009-01-11T18:46:43.750Z,27.785,139.753,481,4.1,mb,28,79.7,,0.72,us,usp000gsgc,2014-11-07T01:38:11.548Z,"Bonin Islands, Japan region",earthquake,,6.6,,9,reviewed,us,us
2009-01-11T12:53:37.250Z,42.893,143.127,88.1,4.6,mwr,151,120.7,,,us,usp000gsfy,2014-11-07T01:38:11.480Z,"6 km WSW of Obihiro, Japan",earthquake,,,,,reviewed,jma,nied
2009-01-11T05:57:11.780Z,42.673,143.419,71,4.6,mwr,109,124.6,,0.8,us,usp000gsfm,2014-11-07T01:38:11.443Z,"32 km SSE of Obihiro, Japan",earthquake,,,,,reviewed,us,nied
2009-01-10T22:21:26.050Z,29.731,142.211,12,4.3,mwr,43,61.3,,0.52,us,usp000gsf8,2014-11-07T01:38:11.406Z,"Izu Islands, Japan region",earthquake,,16.1,,,reviewed,us,nied
2009-01-10T11:39:42.670Z,41.655,143.958,35.8,4.2,mb,22,134.7,,0.69,us,usp000gset,2014-11-07T01:38:11.342Z,"150 km SSW of Kushiro, Japan",earthquake,,7.3,,3,reviewed,us,us
2009-01-10T11:17:57.820Z,41.656,143.922,33.5,4.4,mb,38,134.6,,0.47,us,usp000gses,2014-11-07T01:38:11.338Z,"149 km ESE of Shizunai-furukawach?, Japan",earthquake,,12.1,,4,reviewed,us,us
2009-01-07T17:03:55.250Z,43.818,147.855,36.8,3.9,mwr,18,172,,1.11,us,usp000gsb5,2014-11-07T01:38:10.841Z,"91 km E of Shikotan, Russia",earthquake,,11,,,reviewed,us,nied
2009-01-07T09:30:56.110Z,41.7,142.602,38.4,3.8,m,21,133.9,,,us,usp000gsaq,2014-11-07T01:38:10.765Z,"73 km SSE of Shizunai-furukawach?, Japan",earthquake,,,,,reviewed,jma,jma
2009-01-07T09:24:19.270Z,29.226,129.92,66.2,3.9,mb,16,140.1,,1.25,us,usp000gsap,2014-11-07T01:38:10.763Z,"104 km NNE of Naze, Japan",earthquake,,11.9,,2,reviewed,us,us
2009-01-06T21:44:38.120Z,36.968,141.728,43.8,4.1,mb,17,155.9,,0.98,us,usp000gs9r,2014-11-07T01:38:10.595Z,"75 km E of Iwaki, Japan",earthquake,,9.7,,3,reviewed,us,us
2009-01-06T06:56:50.470Z,26.339,128.787,23.8,4.2,mwr,33,122.6,,1.18,us,usp000gs8s,2014-11-07T01:38:10.498Z,"86 km ESE of Nago, Japan",earthquake,,12.4,,,reviewed,us,nied
2009-01-06T03:37:43.580Z,24.165,124.035,39.9,4.3,mwr,55,108,,1.05,us,usp000gs8k,2014-11-07T01:38:10.484Z,"southwestern Ryukyu Islands, Japan",earthquake,,6.5,,,reviewed,us,nied
2009-01-05T23:52:56.020Z,37.643,142.844,28.5,4.9,mwc,75,120.6,,0.9,us,usp000gs8a,2016-11-10T02:06:20.098Z,"160 km ESE of Ishinomaki, Japan",earthquake,,,,,reviewed,us,gcmt
2009-01-05T21:19:28.340Z,34.083,141.437,8.8,4.5,mb,29,110.9,,0.93,us,usp000gs84,2014-11-07T01:38:10.429Z,"156 km SE of Katsuura, Japan",earthquake,,21.1,,3,reviewed,us,us
2009-01-05T13:07:27.060Z,33.649,141.216,37.6,4.5,mwr,40,117.3,,1.08,us,usp000gs7k,2014-11-07T01:38:10.349Z,"185 km SSE of Katsuura, Japan",earthquake,,8.6,,,reviewed,us,nied
2009-01-05T07:51:39.700Z,30.382,140.186,35,4.4,mb,30,99.5,,0.87,us,usp000gs74,2014-11-07T01:38:10.278Z,"Izu Islands, Japan region",earthquake,,,,6,reviewed,us,us
2009-01-05T01:36:29.130Z,36.884,141.88,38.7,4.5,mwr,69,69.7,,1.09,us,usp000gs6t,2014-11-07T01:38:10.238Z,"90 km ESE of Iwaki, Japan",earthquake,,7.1,,,reviewed,us,nied
2009-01-04T13:36:22.260Z,24.069,123.606,30.9,4.4,mwr,31,106.1,,0.83,us,usp000gs5w,2014-11-07T01:38:10.013Z,"63 km WSW of Ishigaki, Japan",earthquake,,17.5,,,reviewed,us,nied
2009-01-04T03:53:53.600Z,24.067,122.197,28.8,4.4,mb,42,87.2,,1,us,usp000gs4f,2014-11-07T01:38:09.838Z,"61 km E of Hualien City, Taiwan",earthquake,,9.1,,13,reviewed,us,us
2009-01-03T12:39:28.880Z,42.04,142.56,63.3,4.3,mb,22,87.9,,0.67,us,usp000gs21,2014-11-07T01:38:08.976Z,"36 km SSE of Shizunai-furukawach?, Japan",earthquake,,5.5,,1,reviewed,us,us
2009-01-03T07:13:05.100Z,37.127,141.056,57.6,4.6,mwr,79,95,,0.94,us,usp000gs1q,2014-11-07T01:38:08.865Z,"17 km ENE of Iwaki, Japan",earthquake,,6.4,,,reviewed,us,nied
2009-01-03T04:46:48.400Z,34.709,141.608,38.3,4.6,mwr,69,50.5,,0.65,us,usp000gs1m,2014-11-07T01:38:08.831Z,"126 km ESE of ?hara, Japan",earthquake,,,,,reviewed,us,nied
2009-01-03T03:01:14.490Z,38.846,140.659,138.6,4.1,mb,14,172.1,,0.43,us,usp000gs1f,2014-11-07T01:38:08.775Z,"32 km ENE of Shinj?, Japan",earthquake,,7.8,,3,reviewed,us,us
2009-01-02T07:42:53.080Z,32.655,138.038,333.4,5.1,mwr,213,23.2,,0.79,us,usp000gs06,2014-11-07T01:38:07.792Z,"216 km S of ?yama, Japan",earthquake,,,,,reviewed,us,nied
2009-01-01T14:02:22.840Z,44.582,148.218,59.2,4.2,mb,39,127,,0.93,us,usp000grzc,2014-11-07T01:38:07.415Z,"76 km SSE of Kuril’sk, Russia",earthquake,,7.2,,4,reviewed,us,us
2009-01-01T05:46:26.090Z,40.622,123.024,10,4.1,mb,18,126.7,,0.89,us,usp000grys,2014-11-07T01:38:06.974Z,"34 km SE of Haicheng, China",earthquake,,,,1,reviewed,us,us
